0.000, 0.010, -0.000, 0.010, -2.274, 0.096, 0.000, 0.000, 0.073, 0.455, 0.010, -0.001, 0.096, 0.000, 0.000, 0.073, 0.545, -0.006
0.010, 0.020, -0.000, 0.020, -1.874, 0.096, 0.000, 0.000, 0.059, 0.293, 0.020, -0.045, 0.096, 0.000, 0.000, 0.059, 0.707, -0.226
0.020, 0.030, 0.000, 0.030, -1.575, 0.096, 0.000, 0.000, 0.049, 0.255, 0.030, -0.046, 0.096, 0.000, 0.000, 0.049, 0.745, -0.047
0.030, 0.040, 0.000, 0.040, -1.402, 0.096, 0.000, 0.000, 0.042, 0.233, 0.040, -0.088, 0.096, 0.000, 0.000, 0.042, 0.767, -0.348
0.040, 0.050, 0.000, 0.050, -1.156, 0.096, 0.000, 0.000, 0.037, 0.185, 0.050, -0.004, 0.096, 0.000, 0.000, 0.037, 0.815, 0.591
0.050, 0.060, 0.000, 0.060, -1.245, 0.096, 0.000, 0.000, 0.033, 0.225, 0.060, -0.223, 0.096, 0.000, 0.000, 0.033, 0.775, -1.990
0.060, 0.070, 0.000, 0.071, -1.143, 0.096, 0.000, 0.000, 0.030, 0.216, 0.070, -0.223, 0.096, 0.000, 0.000, 0.030, 0.784, -0.225
0.070, 0.080, 0.000, 0.082, -1.009, 0.096, 0.000, 0.000, 0.027, 0.201, 0.080, -0.174, 0.097, 0.000, 0.000, 0.028, 0.799, 0.331
0.080, 0.090, 0.000, 0.092, -0.931, 0.096, 0.000, 0.000, 0.025, 0.196, 0.090, -0.167, 0.097, 0.001, 0.001, 0.026, 0.804, -0.083
0.090, 0.100, 0.000, 0.103, -0.887, 0.096, 0.000, 0.000, 0.023, 0.194, 0.100, -0.184, 0.097, 0.001, 0.001, 0.024, 0.806, -0.377
0.100, 0.110, 0.000, 0.113, -0.800, 0.096, 0.000, 0.000, 0.022, 0.188, 0.111, -0.147, 0.098, 0.001, 0.001, 0.023, 0.812, 0.312
0.110, 0.120, 0.001, 0.124, -0.732, 0.096, 0.000, 0.000, 0.020, 0.184, 0.122, -0.124, 0.098, 0.002, 0.002, 0.022, 0.816, 0.182
0.120, 0.130, 0.001, 0.134, -0.664, 0.096, 0.000, 0.000, 0.019, 0.180, 0.135, -0.094, 0.099, 0.003, 0.003, 0.021, 0.820, 0.303
0.130, 0.140, 0.001, 0.145, -0.613, 0.096, 0.000, 0.000, 0.018, 0.178, 0.147, -0.076, 0.100, 0.003, 0.003, 0.021, 0.822, 0.161
0.140, 0.150, 0.001, 0.155, -0.608, 0.096, 0.000, 0.000, 0.017, 0.177, 0.152, -0.109, 0.101, 0.004, 0.004, 0.021, 0.823, -0.573
0.150, 0.160, 0.001, 0.165, -0.584, 0.096, 0.000, 0.000, 0.016, 0.176, 0.161, -0.115, 0.102, 0.005, 0.005, 0.020, 0.824, -0.204
0.160, 0.170, 0.001, 0.175, -0.552, 0.096, 0.000, 0.000, 0.016, 0.175, 0.172, -0.108, 0.103, 0.006, 0.006, 0.020, 0.825, -0.006
0.170, 0.180, 0.001, 0.185, -0.507, 0.096, 0.000, 0.000, 0.015, 0.174, 0.189, -0.081, 0.104, 0.007, 0.007, 0.021, 0.826, 0.292
0.180, 0.191, 0.001, 0.195, -0.492, 0.096, 0.000, 0.000, 0.015, 0.172, 0.196, -0.092, 0.105, 0.008, 0.008, 0.021, 0.828, -0.252
0.190, 0.201, 0.002, 0.206, -0.443, 0.096, 0.000, 0.000, 0.014, 0.171, 0.220, -0.053, 0.107, 0.009, 0.009, 0.022, 0.829, 0.480
0.200, 0.211, 0.002, 0.216, -0.425, 0.096, 0.000, 0.000, 0.014, 0.170, 0.228, -0.056, 0.108, 0.010, 0.010, 0.022, 0.830, -0.116
0.210, 0.221, 0.002, 0.226, -0.379, 0.096, 0.000, 0.000, 0.013, 0.170, 0.257, -0.011, 0.110, 0.012, 0.012, 0.023, 0.830, 0.563
0.220, 0.231, 0.002, 0.236, -0.364, 0.096, 0.000, 0.000, 0.013, 0.169, 0.263, -0.018, 0.111, 0.013, 0.013, 0.024, 0.831, -0.123
0.230, 0.241, 0.002, 0.246, -0.337, 0.096, 0.000, 0.000, 0.013, 0.168, 0.281, -0.000, 0.113, 0.014, 0.014, 0.025, 0.832, 0.197
0.240, 0.251, 0.002, 0.257, -0.319, 0.096, 0.000, 0.000, 0.012, 0.167, 0.291, 0.002, 0.114, 0.015, 0.015, 0.025, 0.833, 0.007
0.250, 0.261, 0.002, 0.267, -0.306, 0.096, 0.000, 0.000, 0.012, 0.167, 0.296, -0.004, 0.116, 0.016, 0.016, 0.026, 0.833, -0.100
0.260, 0.271, 0.002, 0.276, -0.368, 0.097, 0.000, 0.000, 0.012, 0.184, 0.207, -0.161, 0.117, 0.017, 0.017, 0.026, 0.816, -2.008
0.270, 0.281, 0.002, 0.287, -0.336, 0.097, 0.000, 0.000, 0.012, 0.186, 0.245, -0.119, 0.116, 0.016, 0.016, 0.024, 0.814, 0.361
0.280, 0.291, 0.002, 0.297, -0.314, 0.097, 0.000, 0.000, 0.012, 0.185, 0.268, -0.097, 0.119, 0.018, 0.018, 0.027, 0.815, 0.155
0.290, 0.301, 0.002, 0.308, -0.303, 0.097, 0.000, 0.000, 0.011, 0.184, 0.276, -0.099, 0.121, 0.021, 0.021, 0.029, 0.816, -0.138
0.300, 0.311, 0.002, 0.318, -0.282, 0.097, 0.000, 0.000, 0.011, 0.184, 0.302, -0.075, 0.124, 0.023, 0.023, 0.031, 0.816, 0.158
0.310, 0.321, 0.002, 0.328, -0.258, 0.097, 0.000, 0.000, 0.011, 0.183, 0.336, -0.041, 0.127, 0.026, 0.026, 0.033, 0.817, 0.259
0.320, 0.331, 0.002, 0.337, -0.318, 0.097, 0.001, 0.001, 0.011, 0.219, 0.192, -0.242, 0.125, 0.023, 0.023, 0.030, 0.781, -2.038
0.330, 0.341, 0.002, 0.876, 0.649, 0.118, 0.014, 0.014, 0.019, 0.019, 0.266, -0.211, 0.155, 0.054, 0.054, 0.062, 0.981, 0.336
0.340, 0.351, 0.003, 1.396, 1.083, 0.128, 0.024, 0.024, 0.028, 0.025, 0.356, -0.118, 0.147, 0.045, 0.045, 0.052, 0.975, 0.323
0.350, 0.361, 0.003, 1.314, 0.991, 0.128, 0.023, 0.023, 0.027, 0.047, 0.395, -0.083, 0.141, 0.039, 0.039, 0.045, 0.953, 0.109
0.360, 0.371, 0.003, 1.234, 0.899, 0.127, 0.022, 0.022, 0.026, 0.067, 0.411, -0.074, 0.136, 0.034, 0.034, 0.040, 0.933, -0.029
0.370, 0.381, 0.003, 1.160, 0.812, 0.126, 0.021, 0.021, 0.025, 0.086, 0.415, -0.078, 0.133, 0.030, 0.030, 0.036, 0.914, -0.123
0.380, 0.391, 0.003, 0.985, 0.602, 0.125, 0.020, 0.020, 0.024, 0.083, 0.255, -0.283, 0.130, 0.027, 0.027, 0.033, 0.917, -1.976
0.390, 0.401, 0.003, 0.983, 0.597, 0.126, 0.021, 0.021, 0.024, 0.105, 0.312, -0.226, 0.128, 0.024, 0.024, 0.030, 0.895, 0.294
0.400, 0.411, 0.003, 0.933, 0.533, 0.125, 0.020, 0.020, 0.024, 0.122, 0.326, -0.221, 0.126, 0.022, 0.022, 0.028, 0.878, -0.173
0.410, 0.421, 0.003, 0.916, 0.509, 0.124, 0.019, 0.019, 0.023, 0.141, 0.356, -0.195, 0.125, 0.021, 0.021, 0.026, 0.859, 0.072
0.420, 0.431, 0.003, 0.923, 0.515, 0.128, 0.023, 0.023, 0.027, 0.159, 0.397, -0.154, 0.123, 0.019, 0.019, 0.024, 0.841, 0.302
0.430, 0.441, 0.003, 0.952, 0.545, 0.127, 0.021, 0.021, 0.025, 0.163, 0.463, -0.080, 0.122, 0.018, 0.018, 0.023, 0.837, 0.792
0.440, 0.451, 0.003, 0.967, 0.562, 0.135, 0.029, 0.029, 0.033, 0.181, 0.502, -0.041, 0.121, 0.016, 0.016, 0.022, 0.819, 0.442
0.450, 0.461, 0.003, 0.969, 0.564, 0.139, 0.033, 0.033, 0.037, 0.197, 0.533, -0.010, 0.120, 0.015, 0.015, 0.021, 0.803, 0.370
0.460, 0.471, 0.003, 0.929, 0.518, 0.138, 0.032, 0.032, 0.036, 0.210, 0.544, -0.006, 0.120, 0.014, 0.014, 0.020, 0.790, 0.018
0.470, 0.481, 0.003, 0.841, 0.411, 0.134, 0.028, 0.028, 0.032, 0.215, 0.530, -0.037, 0.119, 0.014, 0.014, 0.019, 0.785, -0.532
0.480, 0.491, 0.003, 0.818, 0.379, 0.137, 0.030, 0.030, 0.034, 0.228, 0.538, -0.038, 0.118, 0.013, 0.013, 0.018, 0.772, -0.091
0.490, 0.501, 0.003, 0.852, 0.413, 0.134, 0.027, 0.027, 0.031, 0.229, 0.575, 0.004, 0.118, 0.012, 0.012, 0.018, 0.771, 0.651
0.500, 0.511, 0.003, 0.832, 0.385, 0.132, 0.025, 0.025, 0.029, 0.228, 0.588, 0.010, 0.117, 0.011, 0.011, 0.017, 0.772, 0.066
0.510, 0.521, 0.002, 0.845, 0.395, 0.130, 0.023, 0.023, 0.027, 0.228, 0.613, 0.035, 0.117, 0.011, 0.011, 0.016, 0.772, 0.428
0.520, 0.531, 0.002, 0.820, 0.360, 0.134, 0.027, 0.027, 0.031, 0.240, 0.614, 0.024, 0.117, 0.010, 0.010, 0.016, 0.760, -0.217
0.530, 0.541, 0.002, 0.787, 0.314, 0.132, 0.025, 0.025, 0.029, 0.237, 0.618, 0.017, 0.116, 0.010, 0.010, 0.015, 0.763, -0.161
0.540, 0.551, 0.002, 0.785, 0.305, 0.130, 0.023, 0.023, 0.027, 0.237, 0.632, 0.026, 0.116, 0.009, 0.009, 0.015, 0.763, 0.160
0.550, 0.561, 0.001, 0.777, 0.287, 0.129, 0.021, 0.021, 0.025, 0.236, 0.643, 0.029, 0.116, 0.009, 0.009, 0.015, 0.764, 0.042
0.560, 0.571, 0.001, 0.742, 0.236, 0.127, 0.019, 0.019, 0.024, 0.233, 0.640, 0.011, 0.115, 0.008, 0.008, 0.014, 0.767, -0.410
0.570, 0.581, 0.000, 0.740, 0.225, 0.126, 0.018, 0.018, 0.022, 0.233, 0.651, 0.014, 0.115, 0.008, 0.008, 0.014, 0.767, 0.038
0.580, 0.591, -0.000, 0.741, 0.217, 0.125, 0.017, 0.017, 0.021, 0.233, 0.662, 0.018, 0.115, 0.008, 0.008, 0.014, 0.767, 0.066
0.590, 0.601, -0.001, 0.874, 0.391, 0.114, 0.006, 0.006, 0.011, 0.019, 0.678, 0.047, 0.126, 0.019, 0.019, 0.024, 0.981, -0.311
0.600, 0.611, -0.001, 1.236, 0.785, 0.122, 0.013, 0.013, 0.017, 0.024, 0.697, 0.061, 0.125, 0.017, 0.017, 0.023, 0.976, 0.206
0.610, 0.621, -0.002, 1.210, 0.747, 0.122, 0.012, 0.012, 0.017, 0.047, 0.709, 0.066, 0.124, 0.016, 0.016, 0.022, 0.953, 0.098
0.620, 0.631, -0.002, 1.188, 0.714, 0.121, 0.012, 0.012, 0.016, 0.069, 0.718, 0.067, 0.124, 0.015, 0.015, 0.021, 0.931, 0.057
0.630, 0.641, -0.003, 1.209, 0.743, 0.128, 0.019, 0.019, 0.023, 0.090, 0.750, 0.100, 0.123, 0.014, 0.014, 0.020, 0.910, 0.538
0.640, 0.651, -0.004, 1.162, 0.679, 0.127, 0.016, 0.016, 0.021, 0.108, 0.750, 0.088, 0.122, 0.013, 0.013, 0.019, 0.892, -0.130
0.650, 0.661, -0.005, 1.151, 0.663, 0.126, 0.016, 0.016, 0.021, 0.127, 0.764, 0.096, 0.122, 0.012, 0.012, 0.018, 0.873, 0.193
0.660, 0.671, -0.005, 1.166, 0.682, 0.131, 0.021, 0.021, 0.026, 0.146, 0.792, 0.125, 0.121, 0.012, 0.012, 0.018, 0.854, 0.543
0.670, 0.681, -0.006, 1.142, 0.649, 0.130, 0.019, 0.019, 0.024, 0.162, 0.801, 0.126, 0.121, 0.011, 0.011, 0.017, 0.838, 0.107
0.680, 0.691, -0.007, 1.099, 0.590, 0.128, 0.017, 0.017, 0.021, 0.176, 0.798, 0.108, 0.120, 0.010, 0.010, 0.016, 0.824, -0.239
0.690, 0.701, -0.008, 1.047, 0.513, 0.126, 0.015, 0.015, 0.020, 0.189, 0.786, 0.074, 0.120, 0.010, 0.010, 0.016, 0.811, -0.568
0.700, 0.711, -0.009, 0.940, 0.362, 0.127, 0.016, 0.016, 0.021, 0.177, 0.731, -0.031, 0.120, 0.010, 0.010, 0.016, 0.823, -2.038
0.710, 0.721, -0.010, 0.957, 0.376, 0.126, 0.015, 0.015, 0.020, 0.177, 0.759, -0.002, 0.120, 0.009, 0.009, 0.016, 0.823, 0.515
0.720, 0.731, -0.011, 0.964, 0.376, 0.126, 0.014, 0.014, 0.019, 0.178, 0.778, 0.014, 0.120, 0.009, 0.009, 0.015, 0.822, 0.302
0.730, 0.741, -0.012, 0.985, 0.396, 0.125, 0.013, 0.013, 0.018, 0.178, 0.805, 0.046, 0.120, 0.008, 0.008, 0.015, 0.822, 0.641
0.740, 0.751, -0.013, 0.979, 0.377, 0.128, 0.016, 0.016, 0.021, 0.194, 0.809, 0.036, 0.119, 0.008, 0.008, 0.014, 0.806, -0.191
0.750, 0.761, -0.014, 0.975, 0.363, 0.131, 0.019, 0.019, 0.024, 0.208, 0.816, 0.031, 0.119, 0.008, 0.008, 0.014, 0.792, -0.079
0.760, 0.771, -0.015, 0.964, 0.340, 0.133, 0.021, 0.021, 0.026, 0.222, 0.822, 0.025, 0.119, 0.007, 0.007, 0.014, 0.778, -0.133
0.770, 0.781, -0.017, 0.972, 0.342, 0.132, 0.019, 0.019, 0.024, 0.222, 0.838, 0.038, 0.119, 0.007, 0.007, 0.013, 0.778, 0.310
0.780, 0.791, -0.018, 0.957, 0.314, 0.134, 0.021, 0.021, 0.026, 0.235, 0.843, 0.029, 0.119, 0.007, 0.007, 0.013, 0.765, -0.199
0.790, 0.801, -0.019, 0.977, 0.331, 0.133, 0.019, 0.019, 0.025, 0.235, 0.863, 0.049, 0.119, 0.006, 0.006, 0.013, 0.765, 0.481
0.800, 0.811, -0.020, 0.984, 0.331, 0.132, 0.018, 0.018, 0.023, 0.235, 0.877, 0.060, 0.118, 0.006, 0.006, 0.013, 0.765, 0.278
0.810, 0.821, -0.021, 0.999, 0.341, 0.131, 0.017, 0.017, 0.022, 0.235, 0.894, 0.076, 0.118, 0.006, 0.006, 0.012, 0.765, 0.424
0.820, 0.831, -0.022, 1.013, 0.351, 0.130, 0.016, 0.016, 0.021, 0.235, 0.910, 0.092, 0.118, 0.005, 0.005, 0.012, 0.765, 0.429
0.830, 0.841, -0.024, 1.001, 0.327, 0.133, 0.018, 0.018, 0.024, 0.248, 0.915, 0.081, 0.118, 0.005, 0.005, 0.012, 0.752, -0.222
0.840, 0.851, -0.025, 1.014, 0.335, 0.132, 0.017, 0.017, 0.023, 0.247, 0.929, 0.094, 0.118, 0.005, 0.005, 0.012, 0.753, 0.385
0.850, 0.861, -0.026, 1.030, 0.347, 0.131, 0.016, 0.016, 0.021, 0.247, 0.945, 0.109, 0.118, 0.004, 0.004, 0.012, 0.753, 0.460
0.860, 0.871, -0.028, 1.030, 0.337, 0.130, 0.015, 0.015, 0.020, 0.248, 0.955, 0.112, 0.118, 0.004, 0.004, 0.011, 0.752, 0.151
0.870, 0.881, -0.029, 1.052, 0.357, 0.130, 0.014, 0.014, 0.019, 0.248, 0.972, 0.132, 0.118, 0.004, 0.004, 0.011, 0.752, 0.586
0.880, 0.891, -0.031, 1.045, 0.341, 0.134, 0.018, 0.018, 0.024, 0.261, 0.979, 0.124, 0.118, 0.004, 0.004, 0.011, 0.739, -0.123
0.890, 0.901, -0.032, 0.991, 0.132, 0.118, 0.003, 0.003, 0.009, 0.019, 0.954, 0.077, 0.127, 0.012, 0.012, 0.019, 0.981, -1.965
0.900, 0.911, -0.033, 1.332, 0.670, 0.125, 0.009, 0.009, 0.014, 0.023, 0.965, 0.080, 0.126, 0.012, 0.012, 0.018, 0.977, 0.091
0.910, 0.921, -0.035, 1.330, 0.659, 0.125, 0.009, 0.009, 0.014, 0.046, 0.977, 0.084, 0.126, 0.011, 0.011, 0.018, 0.954, 0.136
0.920, 0.931, -0.037, 1.314, 0.626, 0.125, 0.008, 0.008, 0.014, 0.068, 0.983, 0.078, 0.126, 0.010, 0.010, 0.017, 0.932, -0.035
0.930, 0.941, -0.038, 1.293, 0.584, 0.125, 0.009, 0.009, 0.014, 0.088, 0.985, 0.064, 0.125, 0.010, 0.010, 0.017, 0.912, -0.184
0.940, 0.952, -0.040, 1.293, 0.577, 0.126, 0.009, 0.009, 0.014, 0.108, 0.997, 0.069, 0.125, 0.009, 0.009, 0.016, 0.892, 0.141
0.950, 0.962, -0.041, 1.295, 0.574, 0.126, 0.009, 0.009, 0.015, 0.127, 1.011, 0.077, 0.125, 0.009, 0.009, 0.016, 0.873, 0.207
0.960, 0.972, -0.043, 1.288, 0.554, 0.126, 0.008, 0.008, 0.014, 0.145, 1.020, 0.074, 0.125, 0.008, 0.008, 0.015, 0.855, 0.015
0.970, 0.982, -0.044, 1.280, 0.531, 0.125, 0.008, 0.008, 0.014, 0.162, 1.026, 0.068, 0.124, 0.008, 0.008, 0.015, 0.838, -0.063
0.980, 0.992, -0.046, 1.298, 0.556, 0.130, 0.012, 0.012, 0.018, 0.179, 1.050, 0.096, 0.124, 0.007, 0.007, 0.014, 0.821, 0.634
0.990, 1.002, -0.048, 1.275, 0.514, 0.129, 0.011, 0.011, 0.017, 0.194, 1.052, 0.081, 0.124, 0.007, 0.007, 0.014, 0.806, -0.238
1.000, 1.011, -0.049, 1.296, 0.541, 0.133, 0.015, 0.015, 0.021, 0.210, 1.075, 0.109, 0.124, 0.007, 0.007, 0.014, 0.790, 0.686
1.010, 1.021, -0.051, 1.294, 0.533, 0.133, 0.014, 0.014, 0.020, 0.225, 1.088, 0.116, 0.124, 0.006, 0.006, 0.013, 0.775, 0.251
1.020, 1.031, -0.053, 1.285, 0.513, 0.132, 0.014, 0.014, 0.019, 0.239, 1.097, 0.116, 0.124, 0.006, 0.006, 0.013, 0.761, 0.082
1.030, 1.041, -0.055, 1.281, 0.500, 0.132, 0.013, 0.013, 0.019, 0.253, 1.108, 0.118, 0.124, 0.006, 0.006, 0.013, 0.747, 0.147
1.040, 1.051, -0.056, 1.272, 0.480, 0.132, 0.013, 0.013, 0.019, 0.265, 1.116, 0.115, 0.123, 0.005, 0.005, 0.012, 0.735, 0.024
1.050, 1.061, -0.058, 1.273, 0.473, 0.132, 0.013, 0.013, 0.019, 0.278, 1.128, 0.119, 0.123, 0.005, 0.005, 0.012, 0.722, 0.195
1.060, 1.071, -0.060, 1.246, 0.421, 0.131, 0.012, 0.012, 0.018, 0.288, 1.128, 0.096, 0.123, 0.005, 0.005, 0.012, 0.712, -0.465
1.070, 1.081, -0.062, 1.224, 0.375, 0.131, 0.011, 0.011, 0.017, 0.298, 1.130, 0.074, 0.123, 0.004, 0.004, 0.012, 0.702, -0.478
1.080, 1.091, -0.064, 1.243, 0.395, 0.134, 0.014, 0.014, 0.020, 0.310, 1.146, 0.092, 0.123, 0.004, 0.004, 0.012, 0.690, 0.511
1.090, 1.101, -0.066, 1.254, 0.403, 0.136, 0.016, 0.016, 0.022, 0.321, 1.159, 0.102, 0.123, 0.004, 0.004, 0.011, 0.679, 0.354
1.100, 1.111, -0.068, 1.242, 0.376, 0.136, 0.015, 0.015, 0.021, 0.332, 1.167, 0.095, 0.123, 0.004, 0.004, 0.011, 0.668, -0.108
1.110, 1.121, -0.070, 1.239, 0.363, 0.136, 0.016, 0.016, 0.022, 0.342, 1.176, 0.094, 0.123, 0.004, 0.004, 0.011, 0.658, 0.054
1.120, 1.131, -0.071, 1.242, 0.357, 0.137, 0.016, 0.016, 0.022, 0.352, 1.187, 0.096, 0.123, 0.003, 0.003, 0.011, 0.648, 0.153
1.130, 1.141, -0.073, 1.266, 0.380, 0.136, 0.015, 0.015, 0.021, 0.353, 1.203, 0.116, 0.123, 0.003, 0.003, 0.011, 0.647, 0.642
1.140, 1.151, -0.075, 1.246, 0.341, 0.136, 0.015, 0.015, 0.021, 0.360, 1.209, 0.102, 0.123, 0.003, 0.003, 0.010, 0.640, -0.304
1.150, 1.161, -0.077, 1.219, 0.290, 0.136, 0.014, 0.014, 0.020, 0.367, 1.213, 0.081, 0.123, 0.003, 0.003, 0.010, 0.633, -0.527
1.160, 1.172, -0.079, 1.297, 0.374, 0.123, 0.002, 0.002, 0.009, 0.015, 1.213, 0.135, 0.142, 0.022, 0.022, 0.029, 0.985, -0.319
1.170, 1.181, -0.081, 1.703, 0.781, 0.136, 0.014, 0.014, 0.018, 0.024, 1.198, 0.101, 0.141, 0.020, 0.020, 0.027, 0.976, -0.249
1.180, 1.192, -0.083, 1.685, 0.752, 0.137, 0.014, 0.014, 0.018, 0.047, 1.195, 0.084, 0.140, 0.018, 0.018, 0.025, 0.953, -0.108
1.190, 1.202, -0.085, 1.692, 0.754, 0.136, 0.013, 0.013, 0.018, 0.047, 1.239, 0.132, 0.139, 0.017, 0.017, 0.023, 0.953, 0.691
1.200, 1.212, -0.088, 1.635, 0.671, 0.137, 0.014, 0.014, 0.019, 0.068, 1.218, 0.089, 0.138, 0.016, 0.016, 0.022, 0.932, -0.460
1.210, 1.222, -0.090, 1.656, 0.696, 0.148, 0.024, 0.024, 0.029, 0.089, 1.240, 0.106, 0.137, 0.015, 0.015, 0.021, 0.911, 0.331
1.220, 1.232, -0.092, 1.466, 0.459, 0.146, 0.022, 0.022, 0.027, 0.071, 1.156, -0.031, 0.138, 0.015, 0.015, 0.021, 0.929, -2.013
1.230, 1.242, -0.094, 1.453, 0.434, 0.144, 0.020, 0.020, 0.025, 0.071, 1.173, -0.022, 0.137, 0.014, 0.014, 0.020, 0.929, 0.123
1.240, 1.252, -0.096, 1.456, 0.421, 0.150, 0.025, 0.025, 0.030, 0.091, 1.178, -0.031, 0.136, 0.013, 0.013, 0.019, 0.909, -0.149
1.250, 1.262, -0.098, 1.456, 0.411, 0.154, 0.029, 0.029, 0.034, 0.110, 1.188, -0.032, 0.136, 0.012, 0.012, 0.018, 0.890, -0.025
1.260, 1.272, -0.100, 1.457, 0.403, 0.157, 0.032, 0.032, 0.037, 0.128, 1.202, -0.027, 0.135, 0.011, 0.011, 0.018, 0.872, 0.065
1.270, 1.282, -0.102, 1.430, 0.362, 0.156, 0.031, 0.031, 0.036, 0.144, 1.208, -0.034, 0.135, 0.011, 0.011, 0.017, 0.856, -0.139
1.280, 1.292, -0.104, 1.405, 0.321, 0.156, 0.031, 0.031, 0.035, 0.159, 1.212, -0.043, 0.135, 0.010, 0.010, 0.016, 0.841, -0.185
1.290, 1.302, -0.106, 1.359, 0.255, 0.155, 0.029, 0.029, 0.034, 0.172, 1.210, -0.064, 0.134, 0.010, 0.010, 0.016, 0.828, -0.433
1.300, 1.312, -0.108, 1.322, 0.202, 0.152, 0.026, 0.026, 0.031, 0.170, 1.214, -0.076, 0.134, 0.009, 0.009, 0.015, 0.830, -0.277
1.310, 1.322, -0.110, 1.282, 0.143, 0.150, 0.024, 0.024, 0.028, 0.167, 1.213, -0.095, 0.134, 0.009, 0.009, 0.015, 0.833, -0.435
1.320, 1.332, -0.112, 1.267, 0.114, 0.148, 0.022, 0.022, 0.026, 0.167, 1.221, -0.101, 0.133, 0.008, 0.008, 0.014, 0.833, -0.190
1.330, 1.342, -0.114, 1.466, 0.318, 0.132, 0.006, 0.006, 0.011, 0.020, 1.235, -0.071, 0.145, 0.019, 0.019, 0.025, 0.980, -0.139
1.340, 1.352, -0.115, 1.711, 0.549, 0.140, 0.013, 0.013, 0.017, 0.024, 1.240, -0.079, 0.144, 0.018, 0.018, 0.023, 0.976, -0.161
1.350, 1.362, -0.117, 1.701, 0.528, 0.140, 0.012, 0.012, 0.017, 0.047, 1.249, -0.081, 0.143, 0.016, 0.016, 0.022, 0.953, -0.087
1.360, 1.372, -0.119, 1.611, 0.397, 0.140, 0.013, 0.013, 0.017, 0.047, 1.160, -0.218, 0.142, 0.016, 0.016, 0.022, 0.953, -2.080
1.370, 1.382, -0.121, 1.605, 0.377, 0.139, 0.012, 0.012, 0.016, 0.069, 1.179, -0.208, 0.142, 0.015, 0.015, 0.021, 0.931, -0.039
1.380, 1.392, -0.123, 1.556, 0.300, 0.145, 0.018, 0.018, 0.022, 0.089, 1.171, -0.235, 0.141, 0.014, 0.014, 0.020, 0.911, -0.581
1.390, 1.402, -0.124, 1.520, 0.243, 0.144, 0.016, 0.016, 0.020, 0.108, 1.173, -0.249, 0.140, 0.013, 0.013, 0.019, 0.892, -0.432
1.400, 1.412, -0.126, 1.554, 0.279, 0.150, 0.021, 0.021, 0.026, 0.128, 1.209, -0.214, 0.140, 0.012, 0.012, 0.018, 0.872, 0.379
1.410, 1.422, -0.127, 1.557, 0.276, 0.148, 0.020, 0.020, 0.024, 0.146, 1.230, -0.199, 0.139, 0.012, 0.012, 0.017, 0.854, 0.077
1.420, 1.432, -0.129, 1.540, 0.247, 0.146, 0.018, 0.018, 0.022, 0.163, 1.241, -0.200, 0.139, 0.011, 0.011, 0.017, 0.837, -0.182
1.430, 1.442, -0.130, 1.560, 0.263, 0.148, 0.019, 0.019, 0.023, 0.180, 1.267, -0.177, 0.139, 0.010, 0.010, 0.016, 0.820, 0.264
1.440, 1.452, -0.132, 1.565, 0.262, 0.147, 0.018, 0.018, 0.022, 0.197, 1.286, -0.164, 0.138, 0.010, 0.010, 0.015, 0.803, 0.104
1.450, 1.462, -0.133, 1.563, 0.251, 0.146, 0.017, 0.017, 0.021, 0.212, 1.301, -0.158, 0.138, 0.009, 0.009, 0.015, 0.788, -0.014
1.460, 1.472, -0.134, 1.457, 0.105, 0.147, 0.017, 0.017, 0.021, 0.199, 1.257, -0.246, 0.138, 0.009, 0.009, 0.015, 0.801, -2.015
1.470, 1.482, -0.135, 1.455, 0.089, 0.146, 0.017, 0.017, 0.021, 0.213, 1.268, -0.247, 0.138, 0.009, 0.009, 0.014, 0.787, -0.235
1.480, 1.492, -0.137, 1.444, 0.062, 0.146, 0.016, 0.016, 0.020, 0.227, 1.273, -0.256, 0.137, 0.008, 0.008, 0.014, 0.773, -0.397
1.490, 1.502, -0.138, 1.450, 0.058, 0.146, 0.016, 0.016, 0.021, 0.241, 1.286, -0.253, 0.137, 0.008, 0.008, 0.014, 0.759, -0.144
1.500, 1.512, -0.139, 1.473, 0.077, 0.148, 0.018, 0.018, 0.023, 0.255, 1.307, -0.236, 0.137, 0.008, 0.008, 0.013, 0.745, 0.173
1.510, 1.522, -0.140, 1.467, 0.056, 0.148, 0.017, 0.017, 0.022, 0.268, 1.316, -0.240, 0.137, 0.007, 0.007, 0.013, 0.732, -0.289
1.520, 1.531, -0.141, 1.453, 0.026, 0.147, 0.016, 0.016, 0.021, 0.279, 1.321, -0.250, 0.137, 0.007, 0.007, 0.012, 0.721, -0.449
1.530, 1.541, -0.142, 1.473, 0.040, 0.148, 0.018, 0.018, 0.022, 0.292, 1.339, -0.237, 0.137, 0.007, 0.007, 0.012, 0.708, 0.109
1.540, 1.551, -0.143, 1.480, 0.038, 0.148, 0.017, 0.017, 0.022, 0.304, 1.352, -0.232, 0.136, 0.006, 0.006, 0.012, 0.696, -0.093
1.550, 1.561, -0.144, 1.496, 0.049, 0.149, 0.018, 0.018, 0.022, 0.316, 1.369, -0.221, 0.136, 0.006, 0.006, 0.012, 0.684, 0.085
1.560, 1.571, -0.144, 1.522, 0.072, 0.150, 0.018, 0.018, 0.023, 0.327, 1.388, -0.204, 0.136, 0.006, 0.006, 0.011, 0.673, 0.260
1.570, 1.581, -0.145, 1.517, 0.055, 0.149, 0.017, 0.017, 0.022, 0.338, 1.397, -0.206, 0.136, 0.005, 0.005, 0.011, 0.662, -0.228
1.580, 1.591, -0.146, 1.505, 0.028, 0.148, 0.016, 0.016, 0.021, 0.347, 1.404, -0.214, 0.136, 0.005, 0.005, 0.011, 0.653, -0.402
1.590, 1.601, -0.147, 1.475, -0.024, 0.147, 0.015, 0.015, 0.019, 0.355, 1.404, -0.236, 0.136, 0.005, 0.005, 0.011, 0.645, -0.793
1.600, 1.611, -0.147, 1.477, -0.035, 0.147, 0.015, 0.015, 0.020, 0.365, 1.414, -0.238, 0.136, 0.005, 0.005, 0.011, 0.635, -0.283
1.610, 1.621, -0.148, 1.539, 0.023, 0.135, 0.004, 0.004, 0.009, 0.015, 1.436, -0.181, 0.152, 0.020, 0.020, 0.026, 0.985, -0.512
1.620, 1.631, -0.149, 1.930, 0.440, 0.146, 0.013, 0.013, 0.017, 0.024, 1.446, -0.182, 0.150, 0.019, 0.019, 0.024, 0.976, -0.184
1.630, 1.641, -0.149, 1.988, 0.509, 0.158, 0.025, 0.025, 0.029, 0.047, 1.485, -0.145, 0.149, 0.017, 0.017, 0.023, 0.953, 0.324
1.640, 1.651, -0.150, 1.978, 0.493, 0.153, 0.020, 0.020, 0.024, 0.069, 1.509, -0.127, 0.148, 0.016, 0.016, 0.021, 0.931, 0.114
1.650, 1.661, -0.150, 1.908, 0.398, 0.154, 0.021, 0.021, 0.025, 0.088, 1.499, -0.153, 0.148, 0.015, 0.015, 0.020, 0.912, -0.513
1.660, 1.671, -0.151, 1.861, 0.332, 0.151, 0.018, 0.018, 0.022, 0.106, 1.497, -0.171, 0.147, 0.014, 0.014, 0.019, 0.894, -0.425
1.670, 1.681, -0.151, 1.844, 0.302, 0.150, 0.016, 0.016, 0.020, 0.125, 1.504, -0.175, 0.146, 0.013, 0.013, 0.018, 0.875, -0.230
1.680, 1.691, -0.152, 1.850, 0.302, 0.151, 0.017, 0.017, 0.021, 0.143, 1.523, -0.163, 0.146, 0.013, 0.013, 0.018, 0.857, 0.029
1.690, 1.701, -0.152, 1.837, 0.276, 0.150, 0.015, 0.015, 0.019, 0.161, 1.530, -0.166, 0.145, 0.012, 0.012, 0.017, 0.839, -0.219
1.700, 1.711, -0.153, 1.836, 0.265, 0.149, 0.015, 0.015, 0.019, 0.177, 1.544, -0.162, 0.145, 0.011, 0.011, 0.016, 0.823, -0.072
1.710, 1.720, -0.153, 1.793, 0.200, 0.149, 0.014, 0.014, 0.018, 0.191, 1.533, -0.193, 0.144, 0.011, 0.011, 0.016, 0.809, -0.758
1.720, 1.730, -0.153, 1.797, 0.195, 0.149, 0.015, 0.015, 0.019, 0.207, 1.547, -0.187, 0.144, 0.010, 0.010, 0.015, 0.793, -0.071
1.730, 1.740, -0.154, 1.818, 0.213, 0.152, 0.017, 0.017, 0.021, 0.222, 1.571, -0.166, 0.144, 0.010, 0.010, 0.015, 0.778, 0.253
1.740, 1.750, -0.154, 1.704, 0.061, 0.152, 0.017, 0.017, 0.021, 0.207, 1.521, -0.259, 0.144, 0.009, 0.009, 0.014, 0.793, -2.138
1.750, 1.760, -0.154, 1.730, 0.082, 0.151, 0.016, 0.016, 0.020, 0.208, 1.550, -0.231, 0.143, 0.009, 0.009, 0.014, 0.792, 0.355
1.760, 1.770, -0.155, 1.737, 0.080, 0.152, 0.017, 0.017, 0.021, 0.223, 1.563, -0.227, 0.143, 0.009, 0.009, 0.014, 0.777, -0.130
1.770, 1.781, -0.155, 1.741, 0.075, 0.153, 0.017, 0.017, 0.021, 0.238, 1.575, -0.224, 0.143, 0.008, 0.008, 0.013, 0.762, -0.149
1.780, 1.791, -0.155, 1.746, 0.070, 0.153, 0.018, 0.018, 0.022, 0.252, 1.587, -0.221, 0.143, 0.008, 0.008, 0.013, 0.748, -0.135
1.790, 1.801, -0.155, 1.724, 0.030, 0.152, 0.016, 0.016, 0.020, 0.264, 1.588, -0.236, 0.142, 0.007, 0.007, 0.013, 0.736, -0.577
1.800, 1.811, -0.155, 1.730, 0.026, 0.153, 0.017, 0.017, 0.021, 0.278, 1.600, -0.234, 0.142, 0.007, 0.007, 0.012, 0.722, -0.166
1.810, 1.821, -0.156, 1.737, 0.024, 0.153, 0.017, 0.017, 0.022, 0.291, 1.612, -0.231, 0.142, 0.007, 0.007, 0.012, 0.709, -0.136
1.820, 1.831, -0.156, 1.724, -0.004, 0.153, 0.017, 0.017, 0.021, 0.302, 1.617, -0.240, 0.142, 0.007, 0.007, 0.012, 0.698, -0.469
1.830, 1.841, -0.156, 1.709, -0.036, 0.152, 0.016, 0.016, 0.020, 0.312, 1.620, -0.253, 0.142, 0.006, 0.006, 0.011, 0.688, -0.564
1.840, 1.851, -0.156, 1.726, -0.026, 0.151, 0.015, 0.015, 0.019, 0.312, 1.637, -0.240, 0.142, 0.006, 0.006, 0.011, 0.688, 0.109
1.850, 1.861, -0.156, 1.733, -0.027, 0.152, 0.016, 0.016, 0.020, 0.324, 1.649, -0.238, 0.141, 0.006, 0.006, 0.011, 0.676, -0.178
1.860, 1.871, -0.156, 1.777, -0.009, 0.141, 0.005, 0.005, 0.009, 0.016, 1.668, -0.197, 0.156, 0.020, 0.020, 0.025, 0.984, -0.738
1.870, 1.881, -0.156, 2.278, 0.558, 0.151, 0.013, 0.013, 0.017, 0.024, 1.707, -0.160, 0.155, 0.019, 0.019, 0.024, 0.976, 0.247
1.880, 1.891, -0.156, 2.311, 0.594, 0.154, 0.016, 0.016, 0.020, 0.047, 1.751, -0.117, 0.154, 0.018, 0.018, 0.023, 0.953, 0.411
1.890, 1.900, -0.156, 2.191, 0.441, 0.153, 0.015, 0.015, 0.019, 0.044, 1.663, -0.242, 0.155, 0.018, 0.018, 0.023, 0.956, -1.945
1.900, 1.910, -0.155, 2.223, 0.474, 0.152, 0.014, 0.014, 0.018, 0.045, 1.736, -0.162, 0.154, 0.017, 0.017, 0.021, 0.955, 0.895
1.910, 1.920, -0.155, 2.173, 0.400, 0.155, 0.017, 0.017, 0.021, 0.067, 1.736, -0.174, 0.153, 0.016, 0.016, 0.020, 0.933, -0.347
1.920, 1.930, -0.155, 2.161, 0.375, 0.153, 0.015, 0.015, 0.018, 0.087, 1.751, -0.169, 0.152, 0.015, 0.015, 0.019, 0.913, -0.088
1.930, 1.940, -0.155, 2.181, 0.393, 0.152, 0.014, 0.014, 0.018, 0.088, 1.796, -0.122, 0.151, 0.014, 0.014, 0.018, 0.912, 0.590
1.940, 1.950, -0.155, 2.149, 0.344, 0.151, 0.013, 0.013, 0.017, 0.107, 1.793, -0.138, 0.151, 0.013, 0.013, 0.018, 0.893, -0.411
1.950, 1.960, -0.155, 2.137, 0.320, 0.151, 0.012, 0.012, 0.016, 0.126, 1.800, -0.142, 0.150, 0.012, 0.012, 0.017, 0.874, -0.220
1.960, 1.970, -0.155, 2.149, 0.327, 0.152, 0.014, 0.014, 0.017, 0.144, 1.820, -0.127, 0.150, 0.012, 0.012, 0.016, 0.856, 0.125
1.970, 1.980, -0.154, 2.058, 0.202, 0.152, 0.014, 0.014, 0.017, 0.139, 1.759, -0.226, 0.150, 0.011, 0.011, 0.016, 0.861, -2.068
1.980, 1.990, -0.154, 2.073, 0.212, 0.154, 0.015, 0.015, 0.018, 0.157, 1.781, -0.210, 0.149, 0.011, 0.011, 0.015, 0.843, 0.098
1.990, 2.000, -0.154, 2.034, 0.151, 0.153, 0.014, 0.014, 0.018, 0.173, 1.773, -0.236, 0.149, 0.010, 0.010, 0.015, 0.827, -0.739
2.000, 2.010, -0.154, 2.004, 0.100, 0.152, 0.013, 0.013, 0.017, 0.188, 1.767, -0.260, 0.148, 0.010, 0.010, 0.014, 0.812, -0.716
2.010, 2.020, -0.154, 2.011, 0.098, 0.152, 0.013, 0.013, 0.017, 0.203, 1.782, -0.253, 0.148, 0.009, 0.009, 0.014, 0.797, -0.108
2.020, 2.030, -0.153, 1.936, -0.009, 0.153, 0.014, 0.014, 0.017, 0.197, 1.742, -0.329, 0.148, 0.009, 0.009, 0.014, 0.803, -1.961
2.030, 2.040, -0.153, 1.961, 0.012, 0.152, 0.013, 0.013, 0.017, 0.198, 1.772, -0.299, 0.148, 0.009, 0.009, 0.014, 0.802, 0.343
2.040, 2.050, -0.153, 1.979, 0.024, 0.154, 0.015, 0.015, 0.019, 0.213, 1.790, -0.287, 0.148, 0.009, 0.009, 0.013, 0.787, 0.001
2.050, 2.060, -0.152, 1.970, -0.001, 0.153, 0.014, 0.014, 0.018, 0.228, 1.795, -0.295, 0.147, 0.008, 0.008, 0.013, 0.772, -0.475
2.060, 2.071, -0.152, 1.894, -0.110, 0.154, 0.014, 0.014, 0.018, 0.220, 1.761, -0.365, 0.147, 0.008, 0.008, 0.013, 0.780, -2.002
2.070, 2.080, -0.151, 1.905, -0.110, 0.155, 0.015, 0.015, 0.019, 0.234, 1.774, -0.362, 0.147, 0.008, 0.008, 0.012, 0.766, -0.272
2.080, 2.091, -0.151, 1.913, -0.113, 0.156, 0.016, 0.016, 0.019, 0.248, 1.785, -0.361, 0.147, 0.007, 0.007, 0.012, 0.752, -0.304
2.090, 2.101, -0.150, 1.924, -0.111, 0.156, 0.016, 0.016, 0.020, 0.261, 1.799, -0.356, 0.147, 0.007, 0.007, 0.012, 0.739, -0.206
2.100, 2.110, -0.150, 1.938, -0.106, 0.157, 0.017, 0.017, 0.021, 0.273, 1.814, -0.349, 0.147, 0.007, 0.007, 0.011, 0.727, -0.159
2.110, 2.121, -0.149, 1.956, -0.095, 0.158, 0.017, 0.017, 0.021, 0.286, 1.830, -0.339, 0.146, 0.007, 0.007, 0.011, 0.714, -0.062
2.120, 2.131, -0.148, 1.967, -0.091, 0.157, 0.017, 0.017, 0.021, 0.298, 1.844, -0.333, 0.146, 0.006, 0.006, 0.011, 0.702, -0.149
2.130, 2.141, -0.148, 1.967, -0.102, 0.157, 0.016, 0.016, 0.020, 0.310, 1.854, -0.333, 0.146, 0.006, 0.006, 0.011, 0.690, -0.342
2.140, 2.151, -0.147, 1.999, -0.072, 0.158, 0.017, 0.017, 0.021, 0.322, 1.875, -0.314, 0.146, 0.006, 0.006, 0.011, 0.678, 0.232
2.150, 2.161, -0.146, 2.021, -0.055, 0.158, 0.017, 0.017, 0.021, 0.333, 1.892, -0.300, 0.146, 0.006, 0.006, 0.010, 0.667, 0.082
2.160, 2.171, -0.145, 2.031, -0.052, 0.157, 0.016, 0.016, 0.020, 0.343, 1.906, -0.293, 0.146, 0.005, 0.005, 0.010, 0.657, -0.089
2.170, 2.181, -0.144, 2.016, -0.082, 0.156, 0.015, 0.015, 0.019, 0.352, 1.911, -0.303, 0.146, 0.005, 0.005, 0.010, 0.648, -0.570
2.180, 2.191, -0.143, 1.942, -0.189, 0.156, 0.015, 0.015, 0.019, 0.340, 1.894, -0.355, 0.146, 0.005, 0.005, 0.010, 0.660, -1.937
2.190, 2.201, -0.142, 2.103, 0.027, 0.145, 0.004, 0.004, 0.008, 0.016, 1.935, -0.275, 0.159, 0.018, 0.018, 0.023, 0.984, 0.276
2.200, 2.210, -0.141, 2.354, 0.242, 0.155, 0.013, 0.013, 0.016, 0.024, 1.940, -0.281, 0.158, 0.017, 0.017, 0.021, 0.976, -0.361
2.210, 2.221, -0.140, 2.347, 0.225, 0.154, 0.012, 0.012, 0.015, 0.047, 1.949, -0.283, 0.157, 0.016, 0.016, 0.020, 0.953, -0.307
2.220, 2.231, -0.139, 2.356, 0.228, 0.155, 0.013, 0.013, 0.016, 0.069, 1.966, -0.274, 0.156, 0.015, 0.015, 0.019, 0.931, -0.137
2.230, 2.241, -0.138, 2.330, 0.187, 0.155, 0.012, 0.012, 0.016, 0.090, 1.967, -0.285, 0.156, 0.014, 0.014, 0.018, 0.910, -0.468
2.240, 2.250, -0.137, 2.310, 0.153, 0.154, 0.012, 0.012, 0.015, 0.109, 1.969, -0.296, 0.155, 0.013, 0.013, 0.018, 0.891, -0.461
2.250, 2.260, -0.136, 2.334, 0.177, 0.158, 0.015, 0.015, 0.019, 0.129, 1.998, -0.270, 0.154, 0.013, 0.013, 0.017, 0.871, 0.156
2.260, 2.270, -0.135, 2.333, 0.167, 0.157, 0.014, 0.014, 0.018, 0.147, 2.013, -0.263, 0.154, 0.012, 0.012, 0.016, 0.853, -0.151
2.270, 2.280, -0.134, 2.334, 0.162, 0.156, 0.014, 0.014, 0.017, 0.164, 2.029, -0.255, 0.153, 0.011, 0.011, 0.016, 0.836, -0.110
2.280, 2.290, -0.133, 2.340, 0.161, 0.156, 0.014, 0.014, 0.017, 0.181, 2.046, -0.244, 0.153, 0.011, 0.011, 0.015, 0.819, -0.047
2.290, 2.300, -0.132, 2.352, 0.169, 0.157, 0.014, 0.014, 0.017, 0.196, 2.067, -0.228, 0.153, 0.010, 0.010, 0.015, 0.804, 0.071
2.300, 2.310, -0.130, 2.325, 0.125, 0.156, 0.013, 0.013, 0.016, 0.211, 2.064, -0.246, 0.152, 0.010, 0.010, 0.014, 0.789, -0.612
2.310, 2.320, -0.129, 2.334, 0.129, 0.156, 0.013, 0.013, 0.017, 0.226, 2.082, -0.234, 0.152, 0.010, 0.010, 0.014, 0.774, -0.007
2.320, 2.330, -0.128, 2.321, 0.103, 0.155, 0.012, 0.012, 0.016, 0.240, 2.086, -0.242, 0.152, 0.009, 0.009, 0.013, 0.760, -0.423
2.330, 2.340, -0.127, 2.331, 0.107, 0.155, 0.012, 0.012, 0.016, 0.253, 2.103, -0.231, 0.151, 0.009, 0.009, 0.013, 0.747, -0.007
2.340, 2.350, -0.126, 2.327, 0.092, 0.155, 0.012, 0.012, 0.015, 0.266, 2.111, -0.233, 0.151, 0.008, 0.008, 0.013, 0.734, -0.290
2.350, 2.360, -0.124, 2.312, 0.062, 0.154, 0.011, 0.011, 0.014, 0.278, 2.112, -0.247, 0.151, 0.008, 0.008, 0.012, 0.722, -0.582
2.360, 2.370, -0.123, 2.318, 0.060, 0.154, 0.011, 0.011, 0.014, 0.290, 2.125, -0.242, 0.151, 0.008, 0.008, 0.012, 0.710, -0.143
2.370, 2.380, -0.122, 2.332, 0.069, 0.155, 0.011, 0.011, 0.015, 0.302, 2.142, -0.229, 0.151, 0.008, 0.008, 0.012, 0.698, 0.070
2.380, 2.390, -0.120, 2.335, 0.063, 0.155, 0.011, 0.011, 0.015, 0.314, 2.154, -0.226, 0.150, 0.007, 0.007, 0.011, 0.686, -0.174
2.390, 2.400, -0.119, 2.368, 0.099, 0.157, 0.013, 0.013, 0.017, 0.326, 2.182, -0.196, 0.150, 0.007, 0.007, 0.011, 0.674, 0.564
2.400, 2.410, -0.118, 2.369, 0.091, 0.156, 0.013, 0.013, 0.016, 0.336, 2.193, -0.193, 0.150, 0.007, 0.007, 0.011, 0.664, -0.146
2.410, 2.420, -0.117, 2.349, 0.055, 0.156, 0.012, 0.012, 0.015, 0.344, 2.193, -0.209, 0.150, 0.006, 0.006, 0.011, 0.656, -0.652
2.420, 2.430, -0.115, 2.384, 0.091, 0.155, 0.011, 0.011, 0.015, 0.344, 2.223, -0.175, 0.150, 0.006, 0.006, 0.011, 0.656, 0.727
2.430, 2.440, -0.114, 2.378, 0.073, 0.155, 0.011, 0.011, 0.014, 0.354, 2.229, -0.181, 0.150, 0.006, 0.006, 0.010, 0.646, -0.382
2.440, 2.450, -0.113, 2.384, 0.072, 0.155, 0.011, 0.011, 0.014, 0.365, 2.240, -0.177, 0.150, 0.006, 0.006, 0.010, 0.635, -0.095
2.450, 2.460, -0.111, 2.389, 0.069, 0.155, 0.010, 0.010, 0.014, 0.375, 2.251, -0.174, 0.149, 0.006, 0.006, 0.010, 0.625, -0.124
2.460, 2.470, -0.110, 2.395, 0.067, 0.155, 0.010, 0.010, 0.014, 0.384, 2.262, -0.171, 0.149, 0.005, 0.005, 0.010, 0.616, -0.102
2.470, 2.480, -0.109, 2.390, 0.048, 0.154, 0.010, 0.010, 0.014, 0.393, 2.268, -0.178, 0.149, 0.005, 0.005, 0.010, 0.607, -0.429
2.480, 2.490, -0.108, 2.408, 0.063, 0.155, 0.010, 0.010, 0.014, 0.402, 2.285, -0.165, 0.149, 0.005, 0.005, 0.009, 0.598, 0.215
2.490, 2.500, -0.106, 2.401, 0.043, 0.154, 0.010, 0.010, 0.014, 0.410, 2.290, -0.173, 0.149, 0.005, 0.005, 0.009, 0.590, -0.453
2.500, 2.509, -0.105, 2.409, 0.043, 0.155, 0.010, 0.010, 0.014, 0.419, 2.301, -0.169, 0.149, 0.005, 0.005, 0.009, 0.581, -0.080
2.510, 2.519, -0.104, 2.409, 0.033, 0.154, 0.010, 0.010, 0.014, 0.427, 2.309, -0.171, 0.149, 0.005, 0.005, 0.009, 0.573, -0.293
2.520, 2.530, -0.102, 2.414, 0.027, 0.154, 0.010, 0.010, 0.014, 0.435, 2.319, -0.171, 0.149, 0.004, 0.004, 0.009, 0.565, -0.204
2.530, 2.540, -0.101, 2.412, 0.014, 0.154, 0.009, 0.009, 0.013, 0.443, 2.326, -0.176, 0.149, 0.004, 0.004, 0.009, 0.557, -0.371
2.540, 2.550, -0.100, 2.428, 0.026, 0.155, 0.010, 0.010, 0.014, 0.451, 2.340, -0.166, 0.149, 0.004, 0.004, 0.009, 0.549, 0.148
2.550, 2.560, -0.099, 2.454, 0.051, 0.155, 0.011, 0.011, 0.014, 0.459, 2.359, -0.148, 0.149, 0.004, 0.004, 0.008, 0.541, 0.440
2.560, 2.569, -0.097, 2.446, 0.029, 0.155, 0.010, 0.010, 0.014, 0.465, 2.364, -0.156, 0.149, 0.004, 0.004, 0.008, 0.535, -0.491
2.570, 2.579, -0.096, 2.469, 0.052, 0.156, 0.011, 0.011, 0.014, 0.473, 2.381, -0.140, 0.149, 0.004, 0.004, 0.008, 0.527, 0.391
2.580, 2.589, -0.095, 2.505, 0.112, 0.148, 0.003, 0.003, 0.007, 0.013, 2.427, -0.056, 0.164, 0.020, 0.020, 0.024, 0.987, -0.253
2.590, 2.599, -0.093, 3.045, 0.691, 0.159, 0.013, 0.013, 0.016, 0.024, 2.459, -0.027, 0.164, 0.018, 0.018, 0.023, 0.976, 0.291
2.600, 2.609, -0.092, 3.001, 0.633, 0.161, 0.015, 0.015, 0.018, 0.046, 2.470, -0.024, 0.162, 0.017, 0.017, 0.021, 0.954, -0.005
2.610, 2.619, -0.091, 2.942, 0.556, 0.164, 0.018, 0.018, 0.021, 0.068, 2.465, -0.040, 0.162, 0.016, 0.016, 0.020, 0.932, -0.298
2.620, 2.630, -0.090, 2.888, 0.484, 0.163, 0.017, 0.017, 0.020, 0.087, 2.458, -0.060, 0.161, 0.015, 0.015, 0.019, 0.913, -0.369
2.630, 2.640, -0.089, 2.875, 0.464, 0.162, 0.016, 0.016, 0.019, 0.107, 2.469, -0.057, 0.160, 0.014, 0.014, 0.018, 0.893, -0.043
2.640, 2.650, -0.088, 2.764, 0.323, 0.162, 0.016, 0.016, 0.019, 0.103, 2.391, -0.170, 0.160, 0.014, 0.014, 0.018, 0.897, -2.038
2.650, 2.660, -0.087, 2.761, 0.310, 0.162, 0.015, 0.015, 0.018, 0.122, 2.404, -0.165, 0.159, 0.014, 0.014, 0.017, 0.878, -0.093
2.660, 2.670, -0.085, 2.788, 0.335, 0.166, 0.020, 0.020, 0.023, 0.141, 2.435, -0.137, 0.159, 0.013, 0.013, 0.017, 0.859, 0.332
2.670, 2.680, -0.084, 2.659, 0.176, 0.165, 0.018, 0.018, 0.021, 0.127, 2.374, -0.230, 0.159, 0.013, 0.013, 0.017, 0.873, -1.949
2.680, 2.690, -0.083, 2.666, 0.172, 0.166, 0.019, 0.019, 0.023, 0.145, 2.388, -0.224, 0.158, 0.012, 0.012, 0.016, 0.855, -0.113
2.690, 2.700, -0.082, 2.547, 0.025, 0.165, 0.018, 0.018, 0.021, 0.132, 2.333, -0.311, 0.158, 0.012, 0.012, 0.016, 0.868, -1.946
2.700, 2.710, -0.081, 2.562, 0.027, 0.168, 0.022, 0.022, 0.025, 0.150, 2.347, -0.306, 0.158, 0.012, 0.012, 0.015, 0.850, -0.212
2.710, 2.720, -0.080, 2.583, 0.040, 0.172, 0.025, 0.025, 0.028, 0.168, 2.367, -0.294, 0.157, 0.011, 0.011, 0.015, 0.832, -0.047
2.720, 2.730, -0.078, 2.599, 0.048, 0.170, 0.023, 0.023, 0.026, 0.168, 2.391, -0.274, 0.157, 0.011, 0.011, 0.014, 0.832, 0.115
2.730, 2.740, -0.077, 2.620, 0.061, 0.172, 0.025, 0.025, 0.028, 0.185, 2.411, -0.262, 0.157, 0.010, 0.010, 0.014, 0.815, 0.005
2.740, 2.750, -0.076, 2.646, 0.082, 0.173, 0.026, 0.026, 0.029, 0.201, 2.433, -0.244, 0.156, 0.010, 0.010, 0.014, 0.799, 0.117
2.750, 2.760, -0.074, 2.686, 0.119, 0.174, 0.027, 0.027, 0.030, 0.216, 2.461, -0.220, 0.156, 0.009, 0.009, 0.013, 0.784, 0.319
2.760, 2.770, -0.073, 2.730, 0.162, 0.174, 0.027, 0.027, 0.030, 0.231, 2.490, -0.192, 0.156, 0.009, 0.009, 0.013, 0.769, 0.419
2.770, 2.780, -0.072, 2.756, 0.184, 0.173, 0.025, 0.025, 0.029, 0.245, 2.514, -0.171, 0.155, 0.009, 0.009, 0.013, 0.755, 0.285
2.780, 2.790, -0.070, 2.790, 0.217, 0.171, 0.024, 0.024, 0.027, 0.260, 2.541, -0.146, 0.155, 0.008, 0.008, 0.012, 0.740, 0.432
2.790, 2.800, -0.069, 2.634, 0.031, 0.169, 0.022, 0.022, 0.025, 0.224, 2.501, -0.218, 0.155, 0.008, 0.008, 0.012, 0.776, -2.025
2.800, 2.810, -0.067, 2.661, 0.052, 0.168, 0.021, 0.021, 0.024, 0.224, 2.524, -0.198, 0.155, 0.008, 0.008, 0.012, 0.776, 0.277
2.810, 2.820, -0.066, 2.643, 0.020, 0.167, 0.020, 0.020, 0.023, 0.237, 2.527, -0.209, 0.155, 0.008, 0.008, 0.012, 0.763, -0.495
2.820, 2.830, -0.065, 2.527, -0.127, 0.167, 0.020, 0.020, 0.023, 0.220, 2.491, -0.277, 0.155, 0.008, 0.008, 0.011, 0.780, -2.064
2.830, 2.840, -0.063, 2.707, 0.034, 0.154, 0.006, 0.006, 0.009, 0.019, 2.505, -0.249, 0.161, 0.014, 0.014, 0.017, 0.981, -0.346
2.840, 2.850, -0.062, 2.969, 0.333, 0.158, 0.010, 0.010, 0.013, 0.024, 2.536, -0.223, 0.160, 0.013, 0.013, 0.017, 0.976, 0.227
2.850, 2.860, -0.060, 2.994, 0.358, 0.159, 0.011, 0.011, 0.014, 0.048, 2.570, -0.191, 0.160, 0.012, 0.012, 0.016, 0.952, 0.364
2.860, 2.870, -0.059, 2.978, 0.329, 0.159, 0.011, 0.011, 0.014, 0.069, 2.586, -0.182, 0.159, 0.012, 0.012, 0.015, 0.931, -0.032
2.870, 2.880, -0.057, 2.977, 0.321, 0.159, 0.010, 0.010, 0.013, 0.090, 2.606, -0.169, 0.159, 0.011, 0.011, 0.015, 0.910, 0.083
2.880, 2.890, -0.056, 2.916, 0.233, 0.159, 0.011, 0.011, 0.014, 0.089, 2.556, -0.248, 0.159, 0.011, 0.011, 0.015, 0.911, -1.891
2.890, 2.900, -0.054, 2.912, 0.218, 0.158, 0.010, 0.010, 0.013, 0.109, 2.572, -0.240, 0.159, 0.011, 0.011, 0.015, 0.891, -0.088
2.900, 2.910, -0.053, 2.857, 0.137, 0.159, 0.011, 0.011, 0.014, 0.107, 2.528, -0.313, 0.159, 0.011, 0.011, 0.015, 0.893, -1.842
2.910, 2.920, -0.051, 2.834, 0.095, 0.160, 0.012, 0.012, 0.015, 0.126, 2.529, -0.324, 0.159, 0.011, 0.011, 0.014, 0.874, -0.548
2.920, 2.930, -0.050, 2.849, 0.103, 0.160, 0.012, 0.012, 0.015, 0.145, 2.553, -0.307, 0.158, 0.010, 0.010, 0.014, 0.855, 0.066
2.930, 2.940, -0.048, 2.861, 0.107, 0.160, 0.011, 0.011, 0.014, 0.162, 2.574, -0.291, 0.158, 0.010, 0.010, 0.013, 0.838, 0.043
2.940, 2.949, -0.046, 2.852, 0.086, 0.159, 0.011, 0.011, 0.014, 0.179, 2.582, -0.294, 0.158, 0.009, 0.009, 0.013, 0.821, -0.355
2.950, 2.960, -0.045, 2.874, 0.104, 0.160, 0.011, 0.011, 0.014, 0.195, 2.608, -0.272, 0.157, 0.009, 0.009, 0.013, 0.805, 0.242
2.960, 2.970, -0.043, 2.865, 0.082, 0.159, 0.011, 0.011, 0.014, 0.211, 2.615, -0.276, 0.157, 0.009, 0.009, 0.012, 0.789, -0.383
2.970, 2.980, -0.041, 2.860, 0.065, 0.159, 0.010, 0.010, 0.013, 0.226, 2.623, -0.279, 0.157, 0.008, 0.008, 0.012, 0.774, -0.349
2.980, 2.990, -0.039, 2.807, -0.016, 0.159, 0.010, 0.010, 0.013, 0.223, 2.589, -0.343, 0.157, 0.008, 0.008, 0.012, 0.777, -1.961
2.990, 3.000, -0.038, 2.828, 0.000, 0.160, 0.011, 0.011, 0.014, 0.238, 2.612, -0.323, 0.157, 0.008, 0.008, 0.012, 0.762, 0.165
3.000, 3.010, -0.036, 2.771, -0.084, 0.160, 0.011, 0.011, 0.014, 0.234, 2.580, -0.385, 0.156, 0.008, 0.008, 0.012, 0.766, -1.983
3.010, 3.020, -0.034, 2.799, -0.061, 0.161, 0.012, 0.012, 0.015, 0.249, 2.606, -0.363, 0.156, 0.008, 0.008, 0.011, 0.751, 0.226
3.020, 3.030, -0.032, 2.814, -0.053, 0.161, 0.012, 0.012, 0.015, 0.263, 2.624, -0.350, 0.156, 0.008, 0.008, 0.011, 0.737, -0.021
3.030, 3.040, -0.030, 2.828, -0.046, 0.161, 0.012, 0.012, 0.015, 0.276, 2.642, -0.339, 0.156, 0.007, 0.007, 0.011, 0.724, -0.028
3.040, 3.050, -0.028, 2.854, -0.023, 0.161, 0.012, 0.012, 0.015, 0.289, 2.666, -0.318, 0.156, 0.007, 0.007, 0.011, 0.711, 0.253
3.050, 3.060, -0.026, 2.853, -0.036, 0.161, 0.012, 0.012, 0.015, 0.301, 2.676, -0.319, 0.156, 0.007, 0.007, 0.010, 0.699, -0.336
3.060, 3.070, -0.024, 2.859, -0.039, 0.160, 0.011, 0.011, 0.014, 0.313, 2.689, -0.314, 0.155, 0.007, 0.007, 0.010, 0.687, -0.191
3.070, 3.080, -0.022, 2.871, -0.034, 0.160, 0.011, 0.011, 0.014, 0.325, 2.705, -0.305, 0.155, 0.006, 0.006, 0.010, 0.675, -0.033
3.080, 3.090, -0.020, 2.900, -0.006, 0.161, 0.011, 0.011, 0.015, 0.336, 2.730, -0.281, 0.155, 0.006, 0.006, 0.010, 0.664, 0.413
3.090, 3.100, -0.018, 2.917, 0.005, 0.160, 0.011, 0.011, 0.014, 0.346, 2.748, -0.268, 0.155, 0.006, 0.006, 0.010, 0.654, 0.109
3.100, 3.110, -0.016, 2.932, 0.014, 0.160, 0.011, 0.011, 0.014, 0.357, 2.765, -0.256, 0.155, 0.006, 0.006, 0.010, 0.643, 0.094
3.110, 3.120, -0.014, 2.942, 0.017, 0.160, 0.010, 0.010, 0.014, 0.367, 2.779, -0.248, 0.155, 0.006, 0.006, 0.009, 0.633, -0.016
3.120, 3.130, -0.011, 2.939, 0.003, 0.159, 0.010, 0.010, 0.013, 0.376, 2.787, -0.251, 0.155, 0.006, 0.006, 0.009, 0.624, -0.372
3.130, 3.140, -0.009, 2.936, -0.013, 0.159, 0.009, 0.009, 0.013, 0.384, 2.794, -0.256, 0.155, 0.005, 0.005, 0.009, 0.616, -0.434
3.140, 3.150, -0.007, 2.956, 0.004, 0.159, 0.010, 0.010, 0.013, 0.393, 2.813, -0.240, 0.154, 0.005, 0.005, 0.009, 0.607, 0.265
3.150, 3.160, -0.005, 2.909, -0.070, 0.159, 0.010, 0.010, 0.013, 0.388, 2.795, -0.286, 0.155, 0.005, 0.005, 0.009, 0.612, -1.901
3.160, 3.170, -0.003, 2.925, -0.060, 0.159, 0.010, 0.010, 0.013, 0.397, 2.811, -0.276, 0.154, 0.005, 0.005, 0.009, 0.603, 0.035
3.170, 3.180, -0.000, 2.932, -0.063, 0.159, 0.010, 0.010, 0.013, 0.406, 2.822, -0.274, 0.154, 0.005, 0.005, 0.009, 0.594, -0.226
3.180, 3.190, 0.002, 2.951, -0.048, 0.160, 0.010, 0.010, 0.013, 0.414, 2.839, -0.261, 0.154, 0.005, 0.005, 0.009, 0.586, 0.167
3.190, 3.200, 0.004, 2.901, -0.127, 0.160, 0.010, 0.010, 0.013, 0.408, 2.822, -0.308, 0.154, 0.005, 0.005, 0.008, 0.592, -1.995
3.200, 3.210, 0.006, 3.000, -0.011, 0.154, 0.004, 0.004, 0.007, 0.014, 2.869, -0.226, 0.168, 0.018, 0.018, 0.022, 0.986, 0.016
3.210, 3.220, 0.009, 3.355, 0.347, 0.163, 0.013, 0.013, 0.015, 0.024, 2.884, -0.218, 0.167, 0.017, 0.017, 0.021, 0.976, -0.133
3.220, 3.230, 0.011, 3.401, 0.396, 0.168, 0.018, 0.018, 0.021, 0.047, 2.919, -0.187, 0.166, 0.016, 0.016, 0.020, 0.953, 0.248
3.230, 3.240, 0.013, 3.355, 0.337, 0.167, 0.017, 0.017, 0.020, 0.068, 2.923, -0.193, 0.165, 0.015, 0.015, 0.019, 0.932, -0.303
3.240, 3.250, 0.016, 3.238, 0.194, 0.167, 0.017, 0.017, 0.020, 0.065, 2.844, -0.303, 0.165, 0.015, 0.015, 0.018, 0.935, -2.086
3.250, 3.260, 0.018, 3.275, 0.230, 0.167, 0.016, 0.016, 0.019, 0.066, 2.901, -0.244, 0.164, 0.014, 0.014, 0.017, 0.934, 0.701
3.260, 3.270, 0.020, 3.279, 0.226, 0.166, 0.015, 0.015, 0.018, 0.086, 2.918, -0.235, 0.163, 0.013, 0.013, 0.017, 0.914, -0.088
3.270, 3.280, 0.022, 3.283, 0.222, 0.165, 0.014, 0.014, 0.017, 0.106, 2.935, -0.225, 0.163, 0.013, 0.013, 0.016, 0.894, -0.071
3.280, 3.290, 0.025, 3.305, 0.241, 0.167, 0.016, 0.016, 0.019, 0.126, 2.962, -0.203, 0.162, 0.012, 0.012, 0.016, 0.874, 0.195
3.290, 3.300, 0.027, 3.337, 0.273, 0.169, 0.019, 0.019, 0.021, 0.145, 2.995, -0.171, 0.162, 0.012, 0.012, 0.015, 0.855, 0.403
3.300, 3.310, 0.029, 3.338, 0.267, 0.168, 0.017, 0.017, 0.020, 0.162, 3.013, -0.160, 0.161, 0.011, 0.011, 0.015, 0.838, 0.039
3.310, 3.320, 0.032, 3.383, 0.315, 0.171, 0.021, 0.021, 0.023, 0.180, 3.053, -0.120, 0.161, 0.011, 0.011, 0.014, 0.820, 0.669
3.320, 3.330, 0.034, 3.386, 0.312, 0.169, 0.019, 0.019, 0.022, 0.196, 3.072, -0.106, 0.161, 0.010, 0.010, 0.014, 0.804, 0.149
3.330, 3.340, 0.036, 3.377, 0.295, 0.168, 0.017, 0.017, 0.020, 0.211, 3.084, -0.101, 0.160, 0.010, 0.010, 0.013, 0.789, -0.046
3.340, 3.350, 0.039, 3.261, 0.152, 0.168, 0.017, 0.017, 0.020, 0.198, 3.031, -0.184, 0.160, 0.010, 0.010, 0.013, 0.802, -2.096
3.350, 3.359, 0.041, 3.284, 0.171, 0.169, 0.019, 0.019, 0.021, 0.214, 3.054, -0.166, 0.160, 0.009, 0.009, 0.013, 0.786, 0.214
3.360, 3.370, 0.043, 3.172, 0.033, 0.168, 0.018, 0.018, 0.020, 0.196, 3.012, -0.235, 0.160, 0.009, 0.009, 0.013, 0.804, -1.911
3.370, 3.380, 0.046, 3.076, -0.090, 0.168, 0.018, 0.018, 0.021, 0.187, 2.972, -0.304, 0.160, 0.009, 0.009, 0.013, 0.813, -1.958
3.380, 3.390, 0.048, 3.083, -0.093, 0.167, 0.017, 0.017, 0.020, 0.187, 2.986, -0.297, 0.160, 0.009, 0.009, 0.012, 0.813, -0.150
3.390, 3.400, 0.050, 3.116, -0.064, 0.167, 0.016, 0.016, 0.019, 0.187, 3.015, -0.271, 0.159, 0.009, 0.009, 0.012, 0.813, 0.354
3.400, 3.410, 0.053, 3.120, -0.068, 0.166, 0.015, 0.015, 0.018, 0.187, 3.028, -0.266, 0.159, 0.008, 0.008, 0.012, 0.813, -0.171
3.410, 3.420, 0.055, 3.122, -0.077, 0.165, 0.014, 0.014, 0.017, 0.187, 3.039, -0.265, 0.159, 0.008, 0.008, 0.012, 0.813, -0.242
3.420, 3.430, 0.057, 3.293, 0.081, 0.158, 0.007, 0.007, 0.009, 0.020, 3.065, -0.227, 0.167, 0.016, 0.016, 0.019, 0.980, -0.175
3.430, 3.440, 0.060, 3.618, 0.431, 0.163, 0.012, 0.012, 0.014, 0.025, 3.103, -0.193, 0.166, 0.015, 0.015, 0.019, 0.975, 0.317
3.440, 3.449, 0.062, 3.549, 0.340, 0.172, 0.021, 0.021, 0.024, 0.047, 3.108, -0.198, 0.165, 0.015, 0.015, 0.018, 0.953, -0.296
3.450, 3.459, 0.064, 3.564, 0.354, 0.170, 0.018, 0.018, 0.021, 0.069, 3.137, -0.174, 0.165, 0.014, 0.014, 0.017, 0.931, 0.209
3.460, 3.469, 0.067, 3.607, 0.399, 0.172, 0.021, 0.021, 0.024, 0.091, 3.179, -0.134, 0.164, 0.013, 0.013, 0.016, 0.909, 0.546
3.470, 3.479, 0.069, 3.582, 0.365, 0.169, 0.018, 0.018, 0.020, 0.110, 3.191, -0.130, 0.164, 0.013, 0.013, 0.016, 0.890, -0.084
3.480, 3.489, 0.072, 3.578, 0.354, 0.167, 0.016, 0.016, 0.018, 0.129, 3.208, -0.119, 0.163, 0.012, 0.012, 0.015, 0.871, 0.060
3.490, 3.499, 0.074, 3.624, 0.403, 0.172, 0.021, 0.021, 0.023, 0.148, 3.251, -0.075, 0.163, 0.012, 0.012, 0.015, 0.852, 0.736
3.500, 3.509, 0.076, 3.480, 0.233, 0.171, 0.019, 0.019, 0.022, 0.130, 3.191, -0.163, 0.163, 0.011, 0.011, 0.015, 0.870, -2.005
3.510, 3.519, 0.079, 3.430, 0.163, 0.168, 0.017, 0.017, 0.020, 0.147, 3.180, -0.189, 0.162, 0.011, 0.011, 0.014, 0.853, -0.746
3.520, 3.529, 0.081, 3.437, 0.161, 0.169, 0.018, 0.018, 0.020, 0.164, 3.193, -0.184, 0.162, 0.011, 0.011, 0.014, 0.836, -0.099
3.530, 3.539, 0.083, 3.446, 0.162, 0.170, 0.019, 0.019, 0.021, 0.180, 3.208, -0.177, 0.161, 0.010, 0.010, 0.013, 0.820, -0.041
3.540, 3.549, 0.086, 3.470, 0.181, 0.169, 0.017, 0.017, 0.020, 0.180, 3.237, -0.151, 0.161, 0.010, 0.010, 0.013, 0.820, 0.401
3.550, 3.559, 0.088, 3.476, 0.179, 0.169, 0.018, 0.018, 0.020, 0.196, 3.250, -0.145, 0.161, 0.009, 0.009, 0.013, 0.804, -0.041
3.560, 3.569, 0.090, 3.368, 0.045, 0.168, 0.017, 0.017, 0.019, 0.181, 3.207, -0.216, 0.161, 0.009, 0.009, 0.013, 0.819, -1.946
3.570, 3.579, 0.093, 3.269, -0.080, 0.168, 0.016, 0.016, 0.019, 0.172, 3.162, -0.290, 0.161, 0.009, 0.009, 0.012, 0.828, -2.065
3.580, 3.589, 0.095, 3.305, -0.049, 0.167, 0.016, 0.016, 0.018, 0.172, 3.193, -0.261, 0.160, 0.009, 0.009, 0.012, 0.828, 0.406
3.590, 3.599, 0.097, 3.347, -0.009, 0.166, 0.015, 0.015, 0.018, 0.172, 3.228, -0.226, 0.160, 0.009, 0.009, 0.012, 0.828, 0.615
3.600, 3.609, 0.100, 3.354, -0.010, 0.166, 0.014, 0.014, 0.017, 0.172, 3.242, -0.220, 0.160, 0.008, 0.008, 0.012, 0.828, -0.070
3.610, 3.619, 0.102, 3.379, 0.010, 0.165, 0.013, 0.013, 0.016, 0.172, 3.267, -0.198, 0.160, 0.008, 0.008, 0.011, 0.828, 0.331
3.620, 3.629, 0.104, 3.388, 0.010, 0.165, 0.013, 0.013, 0.016, 0.172, 3.282, -0.191, 0.159, 0.008, 0.008, 0.011, 0.828, -0.027
3.630, 3.639, 0.107, 3.399, 0.010, 0.168, 0.016, 0.016, 0.019, 0.188, 3.289, -0.194, 0.159, 0.008, 0.008, 0.011, 0.812, -0.292
3.640, 3.649, 0.109, 3.427, 0.034, 0.167, 0.016, 0.016, 0.018, 0.187, 3.313, -0.173, 0.159, 0.007, 0.007, 0.011, 0.813, 0.366
3.650, 3.659, 0.112, 3.338, -0.083, 0.167, 0.015, 0.015, 0.018, 0.179, 3.279, -0.236, 0.159, 0.007, 0.007, 0.011, 0.821, -2.044
3.660, 3.669, 0.114, 3.632, 0.259, 0.158, 0.006, 0.006, 0.009, 0.020, 3.328, -0.169, 0.166, 0.015, 0.015, 0.018, 0.980, 0.805
3.670, 3.679, 0.116, 3.675, 0.270, 0.164, 0.012, 0.012, 0.015, 0.043, 3.332, -0.175, 0.166, 0.014, 0.014, 0.017, 0.957, -0.284
3.680, 3.689, 0.119, 3.728, 0.318, 0.174, 0.022, 0.022, 0.025, 0.065, 3.360, -0.152, 0.165, 0.013, 0.013, 0.016, 0.935, 0.225
3.690, 3.699, 0.121, 3.751, 0.335, 0.174, 0.022, 0.022, 0.025, 0.086, 3.385, -0.133, 0.165, 0.013, 0.013, 0.016, 0.914, 0.192
3.700, 3.709, 0.124, 3.781, 0.363, 0.175, 0.023, 0.023, 0.025, 0.106, 3.415, -0.106, 0.164, 0.012, 0.012, 0.015, 0.894, 0.361
3.710, 3.719, 0.126, 3.777, 0.351, 0.172, 0.020, 0.020, 0.023, 0.125, 3.431, -0.097, 0.164, 0.012, 0.012, 0.015, 0.875, 0.062
3.720, 3.729, 0.128, 3.752, 0.314, 0.170, 0.017, 0.017, 0.020, 0.143, 3.436, -0.102, 0.163, 0.011, 0.011, 0.014, 0.857, -0.232
3.730, 3.739, 0.131, 3.730, 0.280, 0.168, 0.015, 0.015, 0.018, 0.160, 3.439, -0.110, 0.163, 0.011, 0.011, 0.014, 0.840, -0.307
3.740, 3.749, 0.133, 3.627, 0.151, 0.168, 0.015, 0.015, 0.018, 0.152, 3.382, -0.195, 0.163, 0.011, 0.011, 0.014, 0.848, -2.078
3.750, 3.759, 0.136, 3.634, 0.148, 0.168, 0.016, 0.016, 0.019, 0.169, 3.395, -0.191, 0.162, 0.010, 0.010, 0.013, 0.831, -0.112
3.760, 3.769, 0.138, 3.643, 0.149, 0.169, 0.017, 0.017, 0.019, 0.185, 3.409, -0.184, 0.162, 0.010, 0.010, 0.013, 0.815, -0.046
3.770, 3.779, 0.140, 3.668, 0.169, 0.168, 0.016, 0.016, 0.018, 0.185, 3.439, -0.157, 0.162, 0.010, 0.010, 0.013, 0.815, 0.434
3.780, 3.789, 0.143, 3.691, 0.187, 0.170, 0.018, 0.018, 0.020, 0.202, 3.460, -0.141, 0.161, 0.009, 0.009, 0.012, 0.798, 0.219
3.790, 3.799, 0.145, 3.726, 0.220, 0.169, 0.017, 0.017, 0.019, 0.202, 3.494, -0.109, 0.161, 0.009, 0.009, 0.012, 0.798, 0.645
3.800, 3.809, 0.147, 3.735, 0.222, 0.169, 0.016, 0.016, 0.019, 0.217, 3.509, -0.100, 0.161, 0.009, 0.009, 0.012, 0.783, 0.076
3.810, 3.819, 0.150, 3.716, 0.190, 0.167, 0.015, 0.015, 0.018, 0.231, 3.511, -0.110, 0.160, 0.008, 0.008, 0.011, 0.769, -0.387
3.820, 3.829, 0.152, 3.741, 0.212, 0.169, 0.017, 0.017, 0.019, 0.246, 3.533, -0.092, 0.160, 0.008, 0.008, 0.011, 0.754, 0.344
3.830, 3.839, 0.154, 3.743, 0.207, 0.169, 0.016, 0.016, 0.019, 0.259, 3.545, -0.088, 0.160, 0.008, 0.008, 0.011, 0.741, -0.015
3.840, 3.849, 0.157, 3.743, 0.198, 0.168, 0.016, 0.016, 0.018, 0.271, 3.555, -0.086, 0.160, 0.008, 0.008, 0.011, 0.729, -0.073
3.850, 3.859, 0.159, 3.751, 0.199, 0.168, 0.015, 0.015, 0.018, 0.284, 3.569, -0.079, 0.160, 0.007, 0.007, 0.010, 0.716, 0.064
3.860, 3.869, 0.161, 3.786, 0.232, 0.169, 0.017, 0.017, 0.020, 0.296, 3.594, -0.056, 0.159, 0.007, 0.007, 0.010, 0.704, 0.561
3.870, 3.879, 0.163, 3.827, 0.273, 0.170, 0.018, 0.018, 0.021, 0.308, 3.622, -0.029, 0.159, 0.007, 0.007, 0.010, 0.692, 0.711
3.880, 3.890, 0.166, 3.841, 0.282, 0.170, 0.017, 0.017, 0.020, 0.319, 3.639, -0.017, 0.159, 0.007, 0.007, 0.010, 0.681, 0.283
3.890, 3.900, 0.168, 3.869, 0.308, 0.169, 0.017, 0.017, 0.020, 0.330, 3.662, 0.003, 0.159, 0.007, 0.007, 0.010, 0.670, 0.559
3.900, 3.910, 0.170, 3.884, 0.318, 0.169, 0.016, 0.016, 0.019, 0.341, 3.679, 0.016, 0.159, 0.006, 0.006, 0.010, 0.659, 0.350
3.910, 3.920, 0.172, 3.889, 0.318, 0.168, 0.015, 0.015, 0.018, 0.352, 3.693, 0.024, 0.159, 0.006, 0.006, 0.009, 0.648, 0.200
3.920, 3.930, 0.174, 3.893, 0.314, 0.167, 0.014, 0.014, 0.017, 0.361, 3.706, 0.029, 0.159, 0.006, 0.006, 0.009, 0.639, 0.146
3.930, 3.940, 0.176, 3.918, 0.338, 0.167, 0.014, 0.014, 0.017, 0.370, 3.727, 0.048, 0.158, 0.006, 0.006, 0.009, 0.630, 0.601
3.940, 3.950, 0.178, 3.909, 0.319, 0.166, 0.013, 0.013, 0.016, 0.379, 3.734, 0.046, 0.158, 0.006, 0.006, 0.009, 0.621, -0.109
3.950, 3.960, 0.180, 3.926, 0.331, 0.166, 0.013, 0.013, 0.016, 0.389, 3.751, 0.059, 0.158, 0.006, 0.006, 0.009, 0.611, 0.423
3.960, 3.970, 0.182, 3.958, 0.364, 0.166, 0.013, 0.013, 0.016, 0.398, 3.775, 0.082, 0.158, 0.006, 0.006, 0.009, 0.602, 0.806
3.970, 3.980, 0.184, 3.963, 0.362, 0.165, 0.013, 0.013, 0.015, 0.406, 3.787, 0.088, 0.158, 0.005, 0.005, 0.009, 0.594, 0.227
3.980, 3.990, 0.186, 3.942, 0.327, 0.165, 0.012, 0.012, 0.015, 0.413, 3.789, 0.076, 0.158, 0.005, 0.005, 0.008, 0.587, -0.412
3.990, 4.000, 0.188, 3.961, 0.343, 0.165, 0.012, 0.012, 0.015, 0.420, 3.806, 0.090, 0.158, 0.005, 0.005, 0.008, 0.580, 0.507
4.000, 4.010, 0.190, 3.976, 0.353, 0.164, 0.012, 0.012, 0.015, 0.429, 3.822, 0.101, 0.158, 0.005, 0.005, 0.008, 0.571, 0.416
4.010, 4.020, 0.192, 4.001, 0.376, 0.165, 0.012, 0.012, 0.015, 0.437, 3.842, 0.119, 0.158, 0.005, 0.005, 0.008, 0.563, 0.709
4.020, 4.030, 0.193, 4.008, 0.377, 0.164, 0.011, 0.011, 0.014, 0.445, 3.854, 0.125, 0.158, 0.005, 0.005, 0.008, 0.555, 0.265
4.030, 4.040, 0.195, 3.998, 0.356, 0.164, 0.011, 0.011, 0.014, 0.451, 3.859, 0.119, 0.157, 0.005, 0.005, 0.008, 0.549, -0.179
4.040, 4.050, 0.197, 4.010, 0.361, 0.163, 0.011, 0.011, 0.013, 0.459, 3.873, 0.127, 0.157, 0.005, 0.005, 0.008, 0.541, 0.345
4.050, 4.060, 0.198, 3.996, 0.334, 0.163, 0.010, 0.010, 0.013, 0.466, 3.875, 0.117, 0.157, 0.005, 0.005, 0.008, 0.534, -0.335
4.060, 4.069, 0.200, 4.009, 0.341, 0.163, 0.010, 0.010, 0.013, 0.472, 3.889, 0.125, 0.157, 0.005, 0.005, 0.008, 0.528, 0.367
4.070, 4.080, 0.201, 4.020, 0.346, 0.163, 0.010, 0.010, 0.013, 0.479, 3.902, 0.131, 0.157, 0.004, 0.004, 0.007, 0.521, 0.320
4.080, 4.090, 0.203, 4.028, 0.346, 0.163, 0.010, 0.010, 0.013, 0.485, 3.914, 0.136, 0.157, 0.004, 0.004, 0.007, 0.515, 0.236
4.090, 4.100, 0.204, 4.028, 0.337, 0.163, 0.010, 0.010, 0.013, 0.491, 3.922, 0.134, 0.157, 0.004, 0.004, 0.007, 0.509, 0.005
4.100, 4.110, 0.206, 4.039, 0.340, 0.163, 0.010, 0.010, 0.013, 0.497, 3.934, 0.140, 0.157, 0.004, 0.004, 0.007, 0.503, 0.304
4.110, 4.120, 0.207, 3.951, 0.153, 0.157, 0.004, 0.004, 0.007, 0.498, 4.059, 0.358, 0.163, 0.010, 0.010, 0.013, 0.502, 0.620
4.120, 4.130, 0.208, 3.995, 0.265, 0.163, 0.010, 0.010, 0.013, 0.493, 3.932, 0.105, 0.157, 0.004, 0.004, 0.007, 0.507, -2.002
4.130, 4.140, 0.210, 4.095, 0.375, 0.157, 0.004, 0.004, 0.006, 0.012, 3.971, 0.183, 0.168, 0.015, 0.015, 0.018, 0.988, 0.122
4.140, 4.150, 0.211, 4.534, 0.853, 0.164, 0.011, 0.011, 0.013, 0.024, 3.997, 0.204, 0.167, 0.014, 0.014, 0.017, 0.976, 0.522
4.150, 4.160, 0.212, 4.510, 0.818, 0.165, 0.011, 0.011, 0.014, 0.047, 4.012, 0.211, 0.166, 0.013, 0.013, 0.016, 0.953, 0.312
4.160, 4.170, 0.213, 4.491, 0.790, 0.165, 0.011, 0.011, 0.013, 0.068, 4.023, 0.214, 0.166, 0.013, 0.013, 0.016, 0.932, 0.241
4.170, 4.180, 0.214, 4.480, 0.772, 0.164, 0.010, 0.010, 0.013, 0.089, 4.035, 0.218, 0.165, 0.012, 0.012, 0.015, 0.911, 0.261
4.180, 4.190, 0.215, 4.470, 0.753, 0.164, 0.010, 0.010, 0.012, 0.109, 4.045, 0.220, 0.165, 0.012, 0.012, 0.015, 0.891, 0.221
4.190, 4.200, 0.216, 4.444, 0.713, 0.164, 0.011, 0.011, 0.013, 0.128, 4.043, 0.207, 0.164, 0.011, 0.011, 0.014, 0.872, -0.099
4.200, 4.210, 0.217, 4.425, 0.682, 0.164, 0.011, 0.011, 0.013, 0.146, 4.045, 0.198, 0.164, 0.011, 0.011, 0.014, 0.854, -0.018
4.210, 4.220, 0.218, 4.400, 0.644, 0.164, 0.011, 0.011, 0.013, 0.163, 4.041, 0.182, 0.164, 0.010, 0.010, 0.013, 0.837, -0.187
4.220, 4.230, 0.219, 4.422, 0.664, 0.167, 0.013, 0.013, 0.016, 0.180, 4.069, 0.206, 0.163, 0.010, 0.010, 0.013, 0.820, 0.721
4.230, 4.240, 0.219, 4.432, 0.669, 0.167, 0.013, 0.013, 0.016, 0.196, 4.089, 0.221, 0.163, 0.010, 0.010, 0.013, 0.804, 0.515
4.240, 4.250, 0.220, 4.443, 0.675, 0.167, 0.013, 0.013, 0.016, 0.212, 4.110, 0.236, 0.163, 0.009, 0.009, 0.012, 0.788, 0.559
4.250, 4.260, 0.221, 4.434, 0.658, 0.166, 0.013, 0.013, 0.015, 0.226, 4.119, 0.236, 0.162, 0.009, 0.009, 0.012, 0.774, 0.213
4.260, 4.270, 0.221, 4.428, 0.643, 0.165, 0.012, 0.012, 0.014, 0.240, 4.128, 0.236, 0.162, 0.009, 0.009, 0.012, 0.760, 0.203
4.270, 4.280, 0.222, 4.438, 0.647, 0.166, 0.012, 0.012, 0.015, 0.254, 4.146, 0.248, 0.162, 0.009, 0.009, 0.011, 0.746, 0.507
4.280, 4.290, 0.223, 4.443, 0.646, 0.166, 0.012, 0.012, 0.015, 0.267, 4.161, 0.257, 0.162, 0.008, 0.008, 0.011, 0.733, 0.446
4.290, 4.300, 0.223, 4.436, 0.628, 0.165, 0.011, 0.011, 0.014, 0.279, 4.168, 0.254, 0.161, 0.008, 0.008, 0.011, 0.721, 0.142
4.300, 4.310, 0.224, 4.441, 0.627, 0.165, 0.012, 0.012, 0.014, 0.292, 4.182, 0.261, 0.161, 0.008, 0.008, 0.011, 0.708, 0.409
4.310, 4.320, 0.224, 4.445, 0.624, 0.165, 0.011, 0.011, 0.014, 0.304, 4.195, 0.266, 0.161, 0.008, 0.008, 0.011, 0.696, 0.389
4.320, 4.330, 0.224, 4.363, 0.513, 0.166, 0.012, 0.012, 0.015, 0.296, 4.152, 0.193, 0.161, 0.008, 0.008, 0.011, 0.704, -1.956
4.330, 4.340, 0.225, 4.380, 0.524, 0.167, 0.013, 0.013, 0.016, 0.308, 4.171, 0.206, 0.161, 0.008, 0.008, 0.010, 0.692, 0.535
4.340, 4.350, 0.225, 4.376, 0.510, 0.167, 0.013, 0.013, 0.016, 0.319, 4.179, 0.204, 0.161, 0.007, 0.007, 0.010, 0.681, 0.125
4.350, 4.360, 0.225, 4.284, 0.389, 0.167, 0.014, 0.014, 0.016, 0.306, 4.138, 0.133, 0.161, 0.007, 0.007, 0.010, 0.694, -1.979
4.360, 4.370, 0.226, 4.284, 0.378, 0.168, 0.015, 0.015, 0.017, 0.317, 4.146, 0.130, 0.161, 0.007, 0.007, 0.010, 0.683, 0.032
4.370, 4.380, 0.226, 4.282, 0.364, 0.169, 0.016, 0.016, 0.018, 0.327, 4.153, 0.126, 0.160, 0.007, 0.007, 0.010, 0.673, -0.001
4.380, 4.390, 0.226, 4.275, 0.343, 0.170, 0.016, 0.016, 0.019, 0.338, 4.158, 0.119, 0.160, 0.007, 0.007, 0.010, 0.662, -0.103
4.390, 4.400, 0.226, 4.296, 0.357, 0.169, 0.015, 0.015, 0.018, 0.338, 4.177, 0.133, 0.160, 0.007, 0.007, 0.010, 0.662, 0.561
4.400, 4.410, 0.227, 4.192, 0.224, 0.169, 0.016, 0.016, 0.018, 0.321, 4.142, 0.067, 0.160, 0.007, 0.007, 0.010, 0.679, -2.025
4.410, 4.420, 0.227, 4.411, 0.442, 0.159, 0.006, 0.006, 0.008, 0.016, 4.173, 0.124, 0.169, 0.016, 0.016, 0.019, 0.984, 0.311
4.420, 4.430, 0.227, 4.690, 0.729, 0.166, 0.012, 0.012, 0.014, 0.024, 4.187, 0.128, 0.169, 0.015, 0.015, 0.018, 0.976, 0.205
4.430, 4.440, 0.227, 4.694, 0.725, 0.166, 0.011, 0.011, 0.014, 0.047, 4.205, 0.138, 0.168, 0.014, 0.014, 0.017, 0.953, 0.291
4.440, 4.450, 0.227, 4.724, 0.754, 0.169, 0.015, 0.015, 0.017, 0.069, 4.236, 0.164, 0.167, 0.014, 0.014, 0.016, 0.931, 0.618
4.450, 4.460, 0.227, 4.736, 0.762, 0.169, 0.015, 0.015, 0.017, 0.090, 4.263, 0.185, 0.167, 0.013, 0.013, 0.016, 0.910, 0.561
4.460, 4.470, 0.228, 4.732, 0.751, 0.167, 0.013, 0.013, 0.016, 0.110, 4.282, 0.196, 0.166, 0.012, 0.012, 0.015, 0.890, 0.393
4.470, 4.480, 0.228, 4.631, 0.624, 0.168, 0.014, 0.014, 0.016, 0.106, 4.210, 0.094, 0.166, 0.013, 0.013, 0.015, 0.894, -1.942
4.480, 4.490, 0.228, 4.602, 0.579, 0.167, 0.013, 0.013, 0.016, 0.124, 4.211, 0.082, 0.166, 0.012, 0.012, 0.015, 0.876, -0.135
4.490, 4.500, 0.228, 4.619, 0.590, 0.169, 0.015, 0.015, 0.017, 0.143, 4.236, 0.101, 0.165, 0.012, 0.012, 0.014, 0.857, 0.485
4.500, 4.510, 0.228, 4.591, 0.546, 0.168, 0.014, 0.014, 0.016, 0.159, 4.236, 0.087, 0.165, 0.011, 0.011, 0.014, 0.841, -0.181
4.510, 4.520, 0.228, 4.623, 0.575, 0.171, 0.017, 0.017, 0.020, 0.177, 4.269, 0.117, 0.164, 0.011, 0.011, 0.014, 0.823, 0.744
4.520, 4.530, 0.228, 4.652, 0.601, 0.173, 0.019, 0.019, 0.021, 0.194, 4.301, 0.144, 0.164, 0.010, 0.010, 0.013, 0.806, 0.741
4.530, 4.540, 0.228, 4.676, 0.620, 0.173, 0.019, 0.019, 0.022, 0.210, 4.329, 0.167, 0.164, 0.010, 0.010, 0.013, 0.790, 0.691
4.540, 4.550, 0.228, 4.687, 0.626, 0.172, 0.018, 0.018, 0.021, 0.225, 4.352, 0.184, 0.163, 0.010, 0.010, 0.013, 0.775, 0.560
4.550, 4.560, 0.229, 4.688, 0.618, 0.171, 0.017, 0.017, 0.020, 0.240, 4.368, 0.193, 0.163, 0.009, 0.009, 0.012, 0.760, 0.393
4.560, 4.569, 0.229, 4.640, 0.553, 0.170, 0.016, 0.016, 0.018, 0.250, 4.360, 0.169, 0.163, 0.009, 0.009, 0.012, 0.750, -0.416
4.570, 4.580, 0.229, 4.659, 0.567, 0.171, 0.017, 0.017, 0.019, 0.264, 4.383, 0.186, 0.163, 0.009, 0.009, 0.012, 0.736, 0.607
4.580, 4.589, 0.229, 4.671, 0.572, 0.171, 0.017, 0.017, 0.019, 0.277, 4.401, 0.197, 0.162, 0.009, 0.009, 0.011, 0.723, 0.494
4.590, 4.599, 0.229, 4.647, 0.535, 0.169, 0.015, 0.015, 0.018, 0.288, 4.403, 0.187, 0.162, 0.008, 0.008, 0.011, 0.712, -0.093
4.600, 4.609, 0.229, 4.666, 0.547, 0.170, 0.016, 0.016, 0.019, 0.300, 4.424, 0.202, 0.162, 0.008, 0.008, 0.011, 0.700, 0.586
4.610, 4.619, 0.229, 4.547, 0.400, 0.169, 0.015, 0.015, 0.018, 0.276, 4.380, 0.128, 0.162, 0.008, 0.008, 0.011, 0.724, -1.945
4.620, 4.629, 0.228, 4.547, 0.388, 0.171, 0.017, 0.017, 0.019, 0.288, 4.388, 0.125, 0.162, 0.008, 0.008, 0.011, 0.712, 0.050
4.630, 4.639, 0.228, 4.433, 0.241, 0.170, 0.016, 0.016, 0.019, 0.284, 4.346, 0.053, 0.162, 0.008, 0.008, 0.011, 0.716, -1.907
4.640, 4.649, 0.228, 4.636, 0.438, 0.161, 0.006, 0.006, 0.009, 0.017, 4.382, 0.108, 0.173, 0.019, 0.019, 0.022, 0.983, 0.190
4.650, 4.659, 0.228, 4.828, 0.612, 0.168, 0.013, 0.013, 0.015, 0.025, 4.363, 0.074, 0.172, 0.018, 0.018, 0.021, 0.975, -0.381
4.660, 4.669, 0.228, 4.731, 0.490, 0.169, 0.014, 0.014, 0.016, 0.025, 4.260, -0.058, 0.172, 0.018, 0.018, 0.021, 0.975, -1.961
4.670, 4.679, 0.228, 4.740, 0.492, 0.168, 0.013, 0.013, 0.016, 0.025, 4.301, -0.025, 0.171, 0.017, 0.017, 0.020, 0.975, 0.467
4.680, 4.689, 0.228, 4.756, 0.502, 0.167, 0.013, 0.013, 0.015, 0.025, 4.347, 0.016, 0.170, 0.016, 0.016, 0.019, 0.975, 0.642
4.690, 4.699, 0.228, 4.765, 0.503, 0.167, 0.012, 0.012, 0.015, 0.025, 4.381, 0.042, 0.169, 0.015, 0.015, 0.018, 0.975, 0.472
4.700, 4.709, 0.228, 4.677, 0.390, 0.167, 0.013, 0.013, 0.015, 0.025, 4.292, -0.076, 0.169, 0.015, 0.015, 0.018, 0.975, -2.017
4.710, 4.719, 0.228, 4.690, 0.395, 0.167, 0.012, 0.012, 0.014, 0.025, 4.328, -0.047, 0.169, 0.015, 0.015, 0.017, 0.975, 0.455
4.720, 4.729, 0.228, 4.732, 0.429, 0.173, 0.018, 0.018, 0.021, 0.048, 4.341, -0.045, 0.168, 0.014, 0.014, 0.017, 0.952, 0.022
4.730, 4.739, 0.228, 4.745, 0.434, 0.173, 0.019, 0.019, 0.021, 0.070, 4.358, -0.039, 0.167, 0.013, 0.013, 0.016, 0.930, 0.091
4.740, 4.749, 0.229, 4.764, 0.447, 0.172, 0.018, 0.018, 0.020, 0.070, 4.395, -0.008, 0.167, 0.013, 0.013, 0.016, 0.930, 0.594
4.750, 4.759, 0.229, 4.809, 0.492, 0.179, 0.025, 0.025, 0.027, 0.091, 4.427, 0.019, 0.166, 0.012, 0.012, 0.015, 0.909, 0.544
4.760, 4.769, 0.229, 4.796, 0.468, 0.175, 0.021, 0.021, 0.023, 0.110, 4.439, 0.021, 0.166, 0.012, 0.012, 0.015, 0.890, 0.072
4.770, 4.780, 0.229, 4.767, 0.426, 0.172, 0.018, 0.018, 0.020, 0.128, 4.442, 0.011, 0.165, 0.011, 0.011, 0.014, 0.872, -0.171
4.780, 4.790, 0.229, 4.641, 0.272, 0.173, 0.018, 0.018, 0.021, 0.119, 4.380, -0.081, 0.165, 0.011, 0.011, 0.014, 0.881, -2.036
4.790, 4.800, 0.230, 4.654, 0.274, 0.175, 0.021, 0.021, 0.023, 0.137, 4.394, -0.078, 0.165, 0.011, 0.011, 0.014, 0.863, 0.030
4.800, 4.810, 0.230, 4.681, 0.294, 0.178, 0.024, 0.024, 0.026, 0.154, 4.416, -0.064, 0.164, 0.010, 0.010, 0.013, 0.846, 0.275
4.810, 4.820, 0.230, 4.702, 0.307, 0.179, 0.025, 0.025, 0.027, 0.172, 4.437, -0.051, 0.164, 0.010, 0.010, 0.013, 0.828, 0.266
4.820, 4.830, 0.231, 4.688, 0.280, 0.177, 0.023, 0.023, 0.025, 0.188, 4.445, -0.055, 0.164, 0.010, 0.010, 0.012, 0.812, -0.110
4.830, 4.840, 0.231, 4.717, 0.302, 0.178, 0.024, 0.024, 0.027, 0.204, 4.469, -0.039, 0.164, 0.009, 0.009, 0.012, 0.796, 0.382
4.840, 4.850, 0.231, 4.544, 0.093, 0.179, 0.024, 0.024, 0.027, 0.195, 4.419, -0.119, 0.163, 0.009, 0.009, 0.012, 0.805, -2.033
4.850, 4.860, 0.232, 4.526, 0.059, 0.180, 0.026, 0.026, 0.029, 0.209, 4.419, -0.134, 0.163, 0.009, 0.009, 0.012, 0.791, -0.462
4.860, 4.870, 0.232, 4.555, 0.079, 0.178, 0.024, 0.024, 0.026, 0.208, 4.441, -0.119, 0.163, 0.009, 0.009, 0.011, 0.792, 0.294
4.870, 4.880, 0.233, 4.563, 0.076, 0.176, 0.022, 0.022, 0.025, 0.208, 4.456, -0.115, 0.162, 0.008, 0.008, 0.011, 0.792, 0.053
4.880, 4.890, 0.234, 4.571, 0.074, 0.175, 0.021, 0.021, 0.023, 0.209, 4.470, -0.110, 0.162, 0.008, 0.008, 0.011, 0.791, 0.052
4.890, 4.900, 0.234, 4.599, 0.094, 0.174, 0.019, 0.019, 0.022, 0.209, 4.492, -0.095, 0.162, 0.008, 0.008, 0.011, 0.791, 0.348
4.900, 4.910, 0.235, 4.485, -0.048, 0.174, 0.019, 0.019, 0.022, 0.195, 4.455, -0.161, 0.162, 0.008, 0.008, 0.011, 0.805, -2.006
4.910, 4.920, 0.235, 4.836, 0.343, 0.161, 0.006, 0.006, 0.009, 0.020, 4.502, -0.101, 0.168, 0.014, 0.014, 0.017, 0.980, 0.862
4.920, 4.930, 0.236, 4.913, 0.401, 0.174, 0.020, 0.020, 0.022, 0.043, 4.525, -0.087, 0.168, 0.013, 0.013, 0.016, 0.957, 0.179
4.930, 4.940, 0.237, 4.979, 0.464, 0.181, 0.027, 0.027, 0.029, 0.065, 4.564, -0.053, 0.167, 0.013, 0.013, 0.015, 0.935, 0.592
4.940, 4.950, 0.238, 4.953, 0.424, 0.175, 0.021, 0.021, 0.023, 0.086, 4.575, -0.052, 0.166, 0.012, 0.012, 0.015, 0.914, -0.013
4.950, 4.960, 0.238, 4.959, 0.421, 0.173, 0.019, 0.019, 0.021, 0.106, 4.595, -0.040, 0.166, 0.012, 0.012, 0.014, 0.894, 0.200
4.960, 4.970, 0.239, 4.945, 0.394, 0.171, 0.016, 0.016, 0.019, 0.125, 4.605, -0.042, 0.166, 0.011, 0.011, 0.014, 0.875, -0.047
4.970, 4.980, 0.240, 4.951, 0.391, 0.170, 0.016, 0.016, 0.018, 0.143, 4.622, -0.033, 0.165, 0.011, 0.011, 0.014, 0.857, 0.158
4.980, 4.990, 0.241, 4.849, 0.263, 0.171, 0.016, 0.016, 0.018, 0.136, 4.568, -0.115, 0.165, 0.011, 0.011, 0.014, 0.864, -1.943
4.990, 5.000, 0.242, 4.838, 0.238, 0.170, 0.015, 0.015, 0.017, 0.153, 4.573, -0.123, 0.165, 0.011, 0.011, 0.013, 0.847, -0.254
